avg_adherence,adherence_std,adherence_count,adherence_trend,goal_code,target_success
51.36025430015207,13.752255979032286,16.0,11.405647163912139,0.0,1
70.04544645067656,8.418787038282089,19.0,1.8319884249571121,2.0,1
80.44467096686317,10.330153487806081,9.0,13.272412069680328,2.0,1
73.90001254531998,5.205586995855006,6.0,10.784503013072726,1.0,1
57.10512728953694,16.11270669337015,15.0,0.4547051793119785,0.0,0
76.51694696885357,11.827220321820391,6.0,6.1273261159598835,3.0,0
61.49735973784615,7.438786354642313,15.0,-6.137727282478778,3.0,0
66.176840677522,5.799217615187359,6.0,-6.2448121569123956,3.0,0
76.69046829288312,6.672451463556529,10.0,4.3216132306671975,3.0,1
81.94286044717104,11.11797774387341,7.0,8.789135630718949,3.0,1
78.10061161341665,2.714220900721668,16.0,-1.1967121635730136,3.0,1
63.59772398037306,17.47470655617198,12.0,-6.658311156932433,2.0,0
62.641839520227606,10.813765325525027,12.0,7.862223313592781,3.0,0
62.420398844025,7.688241036677164,8.0,10.579758812571539,3.0,0
49.867404575944306,5.402738569991944,17.0,6.971607440537641,3.0,0
61.16395765861545,10.79269845538357,14.0,8.255903939673367,1.0,0
57.40918494293358,8.184730767174642,16.0,-1.817378939983291,1.0,0
60.48956255675642,10.062470593638437,10.0,6.807466589059089,2.0,0
66.42423224784922,7.883508439779231,10.0,1.2028178909360094,1.0,1
46.83680620232956,5.013765861992591,4.0,5.997742267234366,3.0,0
88.78765276457705,8.21868014469287,7.0,9.375155684670865,1.0,1
52.7996471214307,8.304834620497187,7.0,10.403081374573954,2.0,1
71.80376963731645,7.029250221516028,8.0,-12.460578543884546,2.0,0
71.72281938167527,10.109260727617215,15.0,18.017788913209156,1.0,0
70.86841015930106,11.099983419858827,4.0,15.591875752404366,2.0,1
91.41284625951299,4.0561847283857455,5.0,-4.397515327497477,2.0,0
45.97302163909906,13.175754734072022,12.0,-0.2222269709877338,3.0,0
73.01622155920313,14.190632839471906,11.0,21.967308916917865,1.0,1
52.167390079490175,0.0,18.0,4.677114623438358,1.0,0
58.206451215043074,9.296045567918073,11.0,12.659802307876436,2.0,0
51.42953995478702,1.626585276478215,5.0,-2.863079090733309,2.0,0
96.28687861727812,10.65137260736443,14.0,11.827395110230576,0.0,1
52.55813180428205,6.373869677321234,6.0,23.284697324351644,3.0,0
53.553165150607576,14.65786506437122,16.0,5.849509661058631,1.0,0
57.523396873129755,12.230361007410403,7.0,-2.5498348034078004,3.0,0
70.76140668355391,17.895456282052173,19.0,3.5999161357343823,3.0,0
88.8960278673092,11.096912506819281,11.0,-2.1092723083373714,0.0,1
92.57209587193587,10.91617218610953,4.0,-10.244690317205002,3.0,1
95.57865153253275,9.102403933586997,5.0,-1.8318732113598775,0.0,1
90.4861092023141,5.526364905220868,17.0,8.433267946890444,2.0,0
65.3849136236078,11.687872743994667,11.0,16.074818613137168,1.0,1
35.19724638350364,9.75640799034941,14.0,-6.432302702928711,0.0,0
62.654024948787004,14.579512711780065,6.0,-11.26392717739564,1.0,1
75.81622699918822,7.579152833332108,5.0,-1.2767309436196084,1.0,1
89.3983697190839,9.227471603750498,14.0,-4.95942611670703,2.0,1
70.82517373525937,4.578059638833167,12.0,2.9048978162787424,2.0,1
98.0,5.7337832472059,19.0,-0.873833615491761,0.0,1
73.04968005744544,16.02926810444117,16.0,-5.290838377436085,2.0,0
65.39734527128148,4.687927940702185,6.0,-3.2943942736607372,1.0,1
66.49179913195908,1.211358043216844,10.0,-12.670452453909906,3.0,1
50.45143074472577,19.18456764160657,7.0,25.0,1.0,1
73.46488881504816,18.643488222027962,13.0,-7.868570784282374,1.0,1
74.9562571914659,8.119219643849505,18.0,0.6617703548395886,3.0,1
63.73780015985672,11.16084944813128,3.0,-3.55327218819016,2.0,0
70.48686924269546,11.758782041996017,14.0,2.5315534757786735,2.0,0
73.06390818677293,9.513567007932552,17.0,22.93168308930595,3.0,1
55.79108464488372,4.437942640082911,10.0,13.91142953088865,3.0,1
40.086624208412914,14.637192407790904,18.0,6.544203382143629,1.0,0
72.21947526970432,10.262333991781219,16.0,-0.9217118580355499,1.0,1
70.4410001936395,17.357459864965783,12.0,-23.666584409312975,3.0,0
72.7359038349936,8.140427093393551,13.0,-15.567217824785825,2.0,1
43.458217521341794,14.319140068490942,6.0,-1.285252231228939,2.0,0
62.648701242305975,16.500222973494793,14.0,7.82655241987707,0.0,0
75.02538686287322,18.71967263083896,8.0,6.389931587382987,3.0,0
69.06473305374728,6.512880883498616,12.0,11.89583934594853,2.0,1
64.94958307991745,15.856235467336596,14.0,9.508689887312599,2.0,0
42.84735590954815,9.665234135508996,4.0,-9.720071925948158,2.0,0
78.20054097436314,6.505347857106268,13.0,-8.137173664403988,1.0,1
57.2617555616547,11.560047357756218,13.0,13.553120361066963,2.0,0
72.86986766448416,10.36016786616289,10.0,6.138902853726931,1.0,1
58.54234519694231,12.954531613966774,13.0,-13.815943994539424,0.0,1
81.54534377349447,7.145281692391027,14.0,10.137636899662105,1.0,1
71.75041428317914,11.35171619640863,18.0,-6.633452647393817,2.0,1
74.13430182965593,14.999121234551474,5.0,-8.585360819784093,1.0,1
56.10258833899897,5.8887499135483985,15.0,4.023061918311936,0.0,0
89.26336944699183,14.283969912832635,9.0,10.418200668900619,0.0,1
64.71741297814329,0.0,17.0,18.04254361517141,1.0,0
88.95281095776843,1.988702294705373,3.0,-10.516472141061394,2.0,1
75.03418569627189,12.620939214063855,10.0,4.762741793285537,1.0,1
68.86965736624612,7.6411198318083215,19.0,6.5938577171661175,1.0,1
57.40200065458794,10.69120716029341,19.0,9.601330853758537,2.0,0
56.72522779408188,9.101942930842707,3.0,3.9677609665695726,3.0,1
76.33867609171381,8.670806040423106,18.0,0.8245783267186964,0.0,1
47.25644275080383,2.589073012785896,13.0,-21.336161198483047,3.0,1
63.4418549378788,10.988950409709261,16.0,12.892174967107927,2.0,0
55.68871733108601,16.76792944784699,3.0,2.921266584341092,1.0,0
44.31141579895974,5.559330731331738,5.0,-1.5801668807442915,1.0,0
45.88509575396736,11.964137341299594,19.0,-8.405439391575344,2.0,1
38.705506786439514,14.641484957842422,18.0,-4.0500071280873104,0.0,0
57.53146757299911,12.139452203474587,19.0,0.1075565906359448,1.0,0
89.13058648845067,8.286069245678103,5.0,-12.768578168457317,1.0,1
85.83347911323803,11.916885565912352,14.0,0.6886246979665507,1.0,1
98.0,10.346905675663894,11.0,3.601905933170753,3.0,1
73.32912596189209,9.870685760230717,10.0,5.139082114575536,2.0,1
34.83226502413933,4.41307943505196,6.0,-2.5867528493933305,3.0,0
85.69589391851677,5.189544418291864,11.0,5.47708452450957,1.0,1
70.9652103906461,13.095855584876967,14.0,-1.3925848388401536,2.0,0
68.1014249977963,22.98836863297916,10.0,4.230797426252751,0.0,0
77.29243352527675,9.716084028036542,18.0,0.29592418835795575,2.0,0
54.37540497302771,13.327926181567147,8.0,12.852870044459099,0.0,1
75.26344926893914,8.456634722267937,7.0,11.355471254651492,0.0,0
36.147008078016036,2.524695848863975,3.0,15.638622298139094,3.0,0
43.95994470334565,0.0,13.0,-3.434955079326346,0.0,0
59.046843423208166,12.325401047501531,16.0,-13.609583529944429,1.0,0
66.62238957086322,13.954030608450402,13.0,5.446452262360523,3.0,1
82.36504653456876,18.144684738119956,5.0,-7.701495196514125,2.0,0
64.93849621287903,17.019106960332785,19.0,-2.4253571189218386,3.0,1
72.13166117316312,17.82359010834952,15.0,-1.6177047744417123,3.0,1
75.23734321029022,2.1712046390974287,18.0,8.374709026511216,0.0,1
29.691835121592455,6.067171124479156,12.0,-14.864681512341019,3.0,0
65.13237399280392,8.733112155259926,13.0,0.4081512861993921,3.0,1
79.30959425438482,13.31332985192742,9.0,5.85037937656101,2.0,1
98.0,9.56452914473745,16.0,-1.0708321833457672,2.0,1
48.088451398382794,5.556013433845408,17.0,1.2931961834792869,0.0,0
55.751435561124595,14.500922820099817,13.0,9.394126723009474,2.0,1
76.77484673327679,10.939867937430522,18.0,-12.481272594150475,2.0,1
53.60488341619594,10.949216964187215,7.0,-12.548224852577892,1.0,0
63.95972265115256,11.817271689195366,11.0,-22.09921965799875,3.0,0
50.84587165717025,13.571982413153293,16.0,21.97296530747994,2.0,0
71.76717389295888,18.055580742498105,12.0,-10.223743125399032,2.0,1
41.57185362913172,3.5946539657708403,15.0,-2.2360660646083828,3.0,0
71.8665555171334,1.125189701789358,19.0,7.154104029008108,3.0,0
57.95859941700928,6.816923584488821,4.0,7.411316108045314,2.0,0
41.03044292184307,12.690172199641255,3.0,-8.34308051674399,0.0,0
75.14115436068901,5.967005478463137,15.0,-10.826346502605217,3.0,0
58.17637117771365,17.25589424510532,3.0,-2.4065242156974245,1.0,1
58.085345053942184,12.355681466999647,11.0,-3.3345234716472447,3.0,0
51.350623159801074,0.0,14.0,18.109369950118943,2.0,0
37.010591350077036,8.447580119020282,8.0,-0.862229498406692,3.0,0
77.27297827962364,12.62253687643043,6.0,-12.944056198193065,3.0,0
70.75136531899295,8.31337418965747,19.0,0.579967855924787,2.0,0
47.66748659496664,1.3466419724639085,19.0,3.6439070297730223,0.0,0
65.21323625912068,18.339438055597597,11.0,-9.037406977820073,0.0,1
54.095244034163485,10.886980573184703,3.0,14.125188368316005,2.0,0
67.71899477636086,5.487884526037437,19.0,-1.4234093866388235,3.0,0
42.14946657086915,12.410334177627625,6.0,-3.2271869616968036,1.0,0
72.35791608438784,6.43062587981758,13.0,-11.168302110582415,0.0,1
98.0,12.100942993624686,5.0,5.877031412620148,0.0,1
78.00136321997046,16.258625042825976,10.0,-3.213229186372848,2.0,0
61.0334804328966,7.604484145440099,18.0,9.908017211789891,2.0,1
61.20362035531054,11.570386119348996,14.0,-0.45761500012901424,1.0,1
54.77271924932968,6.087918330192771,19.0,-21.20356012386145,3.0,1
64.78232552769872,15.564829458301318,10.0,-0.4506065119070235,3.0,1
84.7867779430616,5.120205919425476,9.0,-7.1057488392144865,2.0,1
78.35975505135158,9.931766041023517,9.0,9.01663648089567,1.0,0
64.6289597701895,3.9205453794793463,3.0,-13.634779478686884,0.0,0
51.643515493642724,9.519105315383339,16.0,13.280188573493026,2.0,0
53.23381692967572,17.305894333601643,11.0,4.825869829192965,3.0,0
50.08742599567158,12.239068583613552,3.0,2.5827433093544654,1.0,1
72.45029962327403,10.790595424525545,5.0,9.777673890849254,1.0,1
32.04370311454631,15.008726988257536,4.0,13.877250932619365,0.0,0
69.58455713611521,14.654191131752647,17.0,19.975945224343146,2.0,1
53.709910054642194,10.057256458353272,16.0,-0.9926470388525637,3.0,0
96.56269443315409,15.680243417777142,13.0,-7.208503978091276,3.0,1
75.08072998726485,16.248326335218884,16.0,8.353711428612774,2.0,1
73.4526625280337,1.0819443514290832,4.0,2.8362107741055724,3.0,1
94.90906590881318,18.644976704428515,15.0,15.59220600295612,2.0,0
68.19285088962921,11.013986384488897,13.0,-8.93471370461983,0.0,1
47.15756613064857,9.744014440917015,11.0,1.2027043614319153,3.0,0
68.18312702546346,11.243936549005415,12.0,2.4421237810419805,2.0,0
65.58316995828913,6.269508716737433,13.0,-10.503155389231464,0.0,1
39.41267981811075,9.386576812524364,14.0,11.957013858999236,1.0,0
68.62261131042335,5.774773360154245,17.0,-8.836988273580605,3.0,1
88.59729778568105,15.499898251710418,14.0,0.6777134346882789,3.0,0
71.4756991169684,8.98958377305298,10.0,-3.7789410807765584,0.0,1
57.95094266039402,11.557264171517197,9.0,-2.0199258012920485,1.0,0
49.769135982534806,7.593794380672939,5.0,16.377769399164624,1.0,0
49.4067277962514,0.0,18.0,-16.618451532425116,3.0,0
66.11822631319806,16.07094914464251,9.0,-24.72834433102938,2.0,0
49.95550776173258,8.100967441050525,12.0,-5.528919172286209,3.0,0
90.83976453895207,19.1869333774376,4.0,-1.359392250401477,2.0,0
96.0590564272173,9.533506751732542,9.0,3.310578260461443,3.0,1
81.62056919751663,6.463677350242682,13.0,11.68997870275858,1.0,0
82.53762175827379,10.155427938855764,10.0,4.78575914511806,2.0,1
74.79945435897838,0.3151653364729228,5.0,8.665726686095336,1.0,1
67.06542009826109,10.41990501657227,4.0,-4.935061645722808,0.0,1
61.488900019639054,7.0756293253349964,6.0,1.5341272966066062,3.0,1
79.58852283929966,10.315011841673499,11.0,-16.919462533119106,0.0,1
64.46452291541833,9.482899432126832,7.0,1.7201754346978202,0.0,0
50.222321585319065,4.1401420354960266,19.0,-8.933238578873825,0.0,1
61.098568988167834,0.0,8.0,-15.039928626103755,3.0,0
61.46578196392438,10.192905614904586,12.0,-1.1174633082244712,1.0,0
54.20291264839131,12.394377692602308,12.0,-13.356420699261193,1.0,0
65.64092016130932,17.941380535746312,15.0,-4.222074452947179,0.0,1
47.567736880476346,10.349597904974127,18.0,-8.762452003187681,0.0,0
76.889313418402,6.8891614987287095,10.0,11.874051450464007,2.0,0
52.593306179732984,12.647067035628611,17.0,15.634287120856987,2.0,1
54.12791589882518,10.59612930563696,5.0,-3.7144921919673735,1.0,0
65.28448325727395,12.068961585951069,11.0,-0.3226932992423519,1.0,1
75.17318505557056,15.826537677735885,5.0,18.473939976033293,1.0,1
49.58616785303093,9.560616287921897,12.0,11.40289464883589,1.0,1
82.18230335308724,12.453833544969093,18.0,14.003062582593216,0.0,1
73.37346011092838,0.0,12.0,5.828857363850495,2.0,0
75.22829761505575,12.387646686333976,10.0,-9.624287801399305,1.0,1
60.25551789483718,21.214601562014927,8.0,1.9808014682365385,3.0,0
70.09643385909472,4.988280096545994,6.0,0.9027254830570988,3.0,1
63.90668685854683,6.289039530012817,19.0,11.24357757187434,2.0,1
66.30108911003877,11.115610092030831,5.0,8.168141996897798,1.0,1
85.67486744644049,7.938315638976347,15.0,-12.168420925968741,1.0,1
43.5085558838927,11.147408577318032,19.0,9.355830924283737,2.0,0
45.531694430548015,11.655200774980978,3.0,-1.0261975947044655,2.0,0
91.66839217078768,18.971850273001795,8.0,15.14807871505905,0.0,1
80.2691659485479,10.60588974649731,12.0,3.307641879115444,3.0,1
56.33140901802142,7.927634670820707,14.0,8.339103777337424,0.0,1
78.72126787523504,8.125792685511952,4.0,9.56248163629806,3.0,1
91.07687665897991,7.496276281215419,8.0,-14.550953431851838,3.0,1
68.83477309852053,8.630747472268814,14.0,-1.3683196764059287,3.0,1
73.05676593030859,12.049142286643463,14.0,8.161346680022383,1.0,0
33.11663896816842,10.180299633988977,19.0,1.953670277756547,3.0,0
71.24440077203788,7.498194613015501,19.0,6.851611125457379,2.0,1
83.77818107137229,7.211143270052882,17.0,10.056786392425009,2.0,0
83.58230605147841,13.492831726857526,8.0,3.0192588737265744,1.0,1
59.39739876955164,12.712972316459801,7.0,-7.5562516740139785,3.0,0
64.73490264897842,10.548238772870043,15.0,25.0,0.0,1
70.39747862379647,12.055859590079816,7.0,3.183479133882045,2.0,0
91.26480290331934,7.717644278876389,9.0,13.322345721792477,1.0,1
50.848599163356496,12.2751186017376,3.0,16.45125956926534,1.0,1
50.166128590913175,8.85353673223846,16.0,-13.927942597215276,2.0,0
89.10421116386235,24.046054306147514,5.0,-3.8658508507090072,3.0,0
65.58003765205798,12.162972258630761,4.0,2.619164836799592,2.0,0
45.630245443218385,2.2818739873895924,14.0,8.53244883281227,0.0,0
68.13609002757046,13.974661264578138,12.0,3.8036394302639818,2.0,0
66.92674512717956,17.89592751490816,19.0,6.945566553228533,0.0,0
86.08158906247222,13.070495885563119,8.0,7.983470470748829,1.0,1
79.21157050975337,3.2209301443672302,9.0,-5.945994551250549,3.0,1
91.7983726349738,8.641628081563539,8.0,-9.522488412767675,1.0,0
69.26381946144015,15.66840239378351,5.0,-1.6127042500344553,1.0,0
75.205076448701,10.015542750928184,4.0,-5.498133382845174,1.0,0
63.67751793060646,18.85670621133842,3.0,1.0155399769212037,0.0,1
53.69268236832836,8.684632877718236,17.0,-4.858526761766428,0.0,1
88.61510798909204,10.30852317025184,9.0,2.3722783642157665,1.0,1
95.50072004879775,0.0,15.0,-18.01545744438679,2.0,1
79.0416707962242,12.365435990137376,15.0,-1.842459128805702,2.0,1
70.94492530034505,14.813287862434207,16.0,4.726452634321288,0.0,0
69.76980996125884,10.006699233772435,10.0,16.729535721895743,0.0,0
49.00687317801008,8.183696762155972,6.0,-0.5460816976603011,1.0,0
54.22653314362287,22.28712046037946,12.0,20.017419477471467,0.0,1
49.612736044987294,0.4593479338736657,3.0,0.8311981359147598,2.0,0
42.396706415304365,6.190127708448712,15.0,3.4862709530283085,1.0,0
46.8721762534874,14.273428650677808,11.0,-6.002116966018503,0.0,1
45.97780001475283,8.41901147709406,3.0,5.653637420637676,1.0,0
92.50846224961684,15.037553854932796,18.0,-0.5665411639975284,3.0,1
98.0,3.860000595887513,6.0,-7.265331111571506,1.0,1
46.83934186733313,7.569029346504766,4.0,6.202267094745857,3.0,1
57.212600612407854,6.438314677936456,17.0,-6.795096286589425,2.0,0
82.18814487047581,7.5546126594053815,7.0,0.14043322813951153,1.0,0
45.951851570434144,0.9469066000980266,4.0,-20.497837779516075,2.0,0
67.28902131673033,16.45281881160587,17.0,6.109825769008753,0.0,0
76.38321526708273,13.643571170371729,3.0,-3.766472922336929,1.0,0
59.207158061918676,4.386157838645025,16.0,-9.841283318982722,3.0,0
69.3840886707434,11.635049343946575,19.0,-5.9252583045791445,1.0,1
77.89105143464481,17.759400600612445,8.0,14.769808321980435,2.0,1
59.50437592710856,15.224364062272137,9.0,2.6798662605108885,2.0,0
65.25496783653843,2.203083823471955,18.0,11.672992358427724,3.0,0
72.83153188030833,6.373042389960123,10.0,-4.284847301367896,1.0,1
95.83436867089618,7.588837606485395,9.0,11.993363324744891,0.0,1
60.84547748272085,9.752205812242087,6.0,0.8450112070106526,3.0,0
78.40398408925383,12.967773474527833,18.0,17.369656539176447,3.0,0
73.96883709494685,6.8819965537089365,9.0,2.2335531611455544,3.0,1
73.8191704054874,8.90985435947789,14.0,13.93618571856377,3.0,0
80.73341848351639,10.30234224058684,11.0,4.504463002607606,0.0,1
98.0,14.120998098979314,17.0,3.697065451428121,3.0,1
33.93283377279972,11.288202104605803,16.0,10.45483108481854,1.0,0
49.480565884265246,5.1732440259561825,17.0,2.5348162682190023,3.0,0
77.82832701371302,13.769275349668412,4.0,-0.5110258803691248,0.0,0
87.72643094564314,0.0,13.0,-1.475234121935192,2.0,1
57.198176765704616,12.019770103678058,16.0,7.654604191690931,3.0,0
74.01670991396178,2.5747226043628206,3.0,13.90413563293744,0.0,1
67.64403528241263,2.1855782733007523,14.0,4.28770028928938,2.0,1
42.577638973140395,9.380953528351702,11.0,9.420289029794906,3.0,0
82.02469766530432,11.350477170986434,4.0,6.119715821267539,0.0,0
78.52620816693087,23.55372763609163,4.0,-0.13804558090490726,0.0,1
75.02385647022231,7.366423040268959,10.0,-8.323970195548476,0.0,0
56.28343389756679,14.579651511397993,3.0,0.9085484843866549,2.0,1
47.32988370829296,11.763136019585861,18.0,21.129548077317523,1.0,1
59.886315513148126,7.948300133274453,12.0,-0.5396267804778105,2.0,0
40.26865434865627,14.31000025206067,4.0,-1.7968652514256114,3.0,0
89.25809706959097,16.228174800859364,19.0,11.595905257500736,0.0,1
74.47768140217134,1.9736437643371616,19.0,1.757026162291845,0.0,0
70.8361818711817,11.4561570842369,12.0,16.736113922530954,1.0,0
62.920983122597086,9.176744862280243,11.0,-15.52098572726971,3.0,0
50.614914246550555,11.682004693449361,4.0,-7.158234772964377,0.0,0
59.3190748782108,12.311062445053123,13.0,-16.71218116060987,3.0,0
65.08000251759582,12.877732549999473,6.0,-12.098194289478103,3.0,1
64.73488775922505,7.541721925172578,3.0,-3.8065140274558473,2.0,0
78.42797026244864,9.956026552572142,18.0,7.131998110771811,1.0,0
42.91311333711202,16.304686617814923,13.0,15.679074507209707,3.0,1
83.92784452712509,14.855695034114557,6.0,2.280221870258767,1.0,0
74.24848954111228,17.00593137516948,12.0,3.813142178614196,0.0,0
82.73841194231667,13.27329764223893,10.0,9.454989065249826,0.0,0
54.108905109747525,1.8226837577107098,6.0,4.369486115459498,3.0,0
25.0,3.7634126515291557,10.0,13.208406514031669,3.0,0
45.7490331203959,17.193527411796154,4.0,0.559723399453236,3.0,1
92.26304160943046,8.46717189356471,19.0,-3.932201848703592,2.0,1
66.31641385198606,8.023779274982642,16.0,16.671812507090422,3.0,0
69.45188102003476,18.926591971123635,17.0,5.573194227106268,0.0,0
54.33985243860141,12.298529775074938,19.0,11.885532424653151,3.0,0
46.23586613937077,2.8643179890687946,15.0,-15.67622112939381,0.0,1
67.78534740920306,0.0,6.0,0.0923953966545128,1.0,1
44.6857933932871,8.046611987004022,4.0,19.05852680544564,2.0,0
69.83335099238205,11.649717693286323,11.0,9.77609530278536,1.0,1
46.03195172983138,11.64183986415769,9.0,3.7874096328632714,3.0,0
58.03935755735115,4.641493365691279,5.0,-1.5361474161364437,1.0,0
49.59863209356219,13.559885114955257,16.0,-9.814790679288201,0.0,0
89.20234766199742,11.651449728082959,7.0,-0.11733802544394267,1.0,1
67.30986256574548,19.987570889023814,7.0,3.323465064026726,2.0,1
82.32968389302953,0.012666535550701852,10.0,-14.823264817910268,0.0,0
88.99240419551863,8.42412805057388,18.0,-17.34530735713118,0.0,0
64.25399140347339,9.058079363678083,13.0,-2.2446270978189773,1.0,0
65.27378522630222,0.0,4.0,8.172815804922585,3.0,1
83.70367598892986,4.1758595176948,12.0,22.08755386185139,1.0,1
41.002436889386374,5.348676563649746,16.0,17.163686467253363,0.0,0
71.79128621950794,9.475209219999137,8.0,15.638503249326897,0.0,0
55.14815852877272,12.755958643508471,8.0,5.955091063625082,1.0,1
58.692458412764054,8.172652029428875,3.0,-11.759135886015514,2.0,0
80.34453215619071,14.045606554951219,6.0,0.5418954191118401,2.0,0
54.9347982807108,4.265839589162796,5.0,-7.402212089257169,3.0,0
70.59295294500599,13.648578368918542,19.0,-13.870983007982417,1.0,1
73.46413896858884,9.93530615948206,16.0,-12.535992799316308,3.0,1
84.46049471592815,0.0,3.0,5.4572657980158,2.0,1
76.80323993642305,6.484654595510989,11.0,0.8063380072312318,3.0,0
83.0842528196044,5.075025361377791,9.0,-2.5552784500343053,0.0,1
65.21859679848613,6.3521140293217675,17.0,5.779709979946984,2.0,1
71.8176126548551,17.88884102465943,9.0,-8.67593769044886,2.0,0
88.23263694940859,2.8911817532771353,4.0,-1.123554416558699,3.0,1
71.12420850367636,8.911576532826716,7.0,-1.8380092570774544,0.0,1
67.3187420632889,10.392993530575186,7.0,-4.780715284934992,2.0,0
39.5682137707828,11.620062620949899,6.0,-5.601900886189056,3.0,0
80.18967638467942,15.877532882543898,13.0,3.9242111776818134,3.0,0
93.44723676665637,11.875310759461701,17.0,12.77843355745182,0.0,1
70.33501270631639,9.914810553312686,13.0,4.830685880099896,0.0,0
83.58110514747695,10.041409549789636,15.0,-0.037818611245477474,0.0,1
29.374274383503405,13.241970056193564,16.0,-12.921058354729919,0.0,0
86.71261035670214,9.10672415493055,11.0,-4.941385611456656,2.0,0
76.5807515068943,8.071850092384194,7.0,-0.3644641996451341,3.0,1
39.84294867687255,13.75898232917728,16.0,3.2862159249126583,1.0,0
66.35740654334987,18.991438504615314,8.0,13.913896402914144,1.0,1
68.0319897026414,11.409779336970786,10.0,-4.986804359848298,2.0,1
70.16197522988931,12.25010336710916,19.0,-0.2741941264388399,2.0,1
73.83240060788484,6.369924511495116,13.0,-0.8060044683806398,0.0,1
59.39501845828577,16.142104061400758,15.0,-4.3950339088747565,3.0,0
71.96716097363,9.29302248928099,17.0,10.730566000927434,3.0,1
65.51600061112339,3.090254843181837,15.0,-3.3187749394275743,1.0,1
60.54770936227075,21.873032750132158,12.0,-15.377145951371318,2.0,1
60.105578553877145,10.70709736670272,19.0,-21.253713748742868,1.0,0
60.744987226102516,11.299039284027547,11.0,12.249216931253994,0.0,0
31.588217540451964,13.204953596974867,16.0,0.8683159027110277,3.0,0
58.6611142911011,7.357869344422372,18.0,8.062911561087082,0.0,1
45.637021390105545,6.686492958223681,4.0,21.22946194066577,0.0,1
52.95151655198053,7.353638466500534,5.0,2.732753145856964,0.0,0
67.50667977465305,8.92812445147443,17.0,-12.419787356400128,1.0,0
46.10665123918212,9.052222442303608,8.0,-6.197539287708439,2.0,0
91.63829863959471,12.53291577095127,5.0,-11.118031657772114,1.0,1
58.768058057959465,11.569095100535609,17.0,-2.917474197301347,2.0,1
58.09685515853819,6.718145532259456,14.0,-3.6563874835503896,1.0,0
95.35910326419314,21.338221019496274,12.0,-8.307170319323397,1.0,1
55.55830515602773,6.849587448721653,14.0,-8.571548741382744,1.0,0
48.53250530581749,14.210634795688165,9.0,-7.177535374175141,0.0,0
63.02417760121159,7.743077745178024,7.0,2.720176419170522,3.0,0
85.91201089284667,11.484579353680562,11.0,-11.468025487795657,2.0,1
91.39768421557378,14.045973659265863,13.0,2.954390384877361,2.0,1
79.00417810559796,16.06441845861578,18.0,13.091698114921316,2.0,1
84.24824346372688,1.7083221720887742,6.0,1.9209548462676365,2.0,1
38.365410313580774,8.371509449631358,16.0,-1.27305430255024,1.0,0
60.91180554813652,9.801468588265111,18.0,6.424546049697112,0.0,0
69.47766461207132,0.39542037052409285,10.0,6.7703512722645804,1.0,1
83.37174892151143,0.23592234975875925,15.0,-17.738338698589637,0.0,1
70.72283109107092,7.689364624137772,7.0,8.643536742399313,1.0,0
63.82674466552667,0.0,11.0,9.692362080371282,0.0,1
53.9257211621199,13.368971968338789,11.0,10.605297079614454,1.0,0
64.37672664729378,13.736360255717276,19.0,2.574100714381578,1.0,1
77.25858614104267,10.43981448165501,12.0,4.195849271799442,2.0,1
53.58892506059718,7.063396186181105,15.0,2.1098551352752564,2.0,1
47.03525200375297,0.0,17.0,2.326952252532708,2.0,0
78.58205103826732,6.792286396085768,3.0,4.312820227433646,0.0,1
75.60204907756814,6.5403315191269495,4.0,0.3134824659954738,2.0,0
45.6486070759819,13.278090305856914,5.0,-8.846106224362382,0.0,1
72.63816761469441,10.786164217180968,16.0,-0.09032256027419994,1.0,0
71.76911793023831,14.359671832597256,12.0,-3.6180654352558967,1.0,0
50.968436061981244,0.8580234427924882,13.0,9.298287890155297,0.0,0
41.98264818197573,13.624273357781,9.0,16.221063499235562,3.0,0
35.873711187125274,11.333680839883208,3.0,-8.635597294347175,1.0,0
76.68573159164154,15.12256337713345,16.0,-5.8317986171516765,2.0,0
63.73738345479717,7.092030328591974,7.0,-13.510194123480547,2.0,0
50.78822466167628,7.227137971797765,6.0,12.713045389296155,0.0,0
77.90568029543763,4.195440218066305,3.0,2.3237010072703055,2.0,0
74.96733337531869,6.097832726777744,19.0,7.098207077761179,2.0,1
87.04489125616189,0.0,17.0,-4.160490255561253,0.0,1
44.54102428048733,4.531314691416647,5.0,12.269057463206197,2.0,0
67.11836641532337,4.038023347787832,11.0,-3.8311507230269113,2.0,0
79.71884495620542,1.4041943306197666,9.0,-2.0359211851933408,0.0,0
46.39841410997727,18.02114552342507,15.0,1.6670526048306242,2.0,0
55.17409854770479,3.6269079899224703,7.0,2.9482685973037563,3.0,0
61.92517646642923,0.9857190179105864,19.0,-5.521608680675204,2.0,1
98.0,10.282057835847853,4.0,4.453710089953321,1.0,1
71.44484207906419,4.877355435434968,17.0,11.080628435179854,0.0,0
58.62317376039106,10.82160329690958,14.0,-4.404900718554259,1.0,1
56.24979588173918,12.425469342485563,5.0,4.383883748374252,1.0,1
80.74470448831995,8.820828780929093,10.0,-1.0669728782593717,0.0,1
46.55430067166074,13.849284465276774,13.0,-16.93171161238105,2.0,1
75.81869639147692,10.853125392698963,7.0,-3.604494688030756,1.0,1
55.424374273098316,8.55062192262565,12.0,3.9838116062643953,3.0,0
46.23610499852521,11.95362513044448,10.0,7.453232619670604,3.0,1
69.40588219329165,11.960054686828784,13.0,5.038374256375628,3.0,0
98.0,7.740245100732457,18.0,-4.658777111204364,1.0,1
45.523335238234765,15.613391272818692,5.0,1.058054246491667,2.0,0
78.01080914553846,3.677290040260429,17.0,19.771828402577242,0.0,1
70.54876454127425,9.85958462447984,5.0,-4.60300116021989,0.0,1
68.23488223823539,6.050068230661985,18.0,3.2992985416607388,0.0,1
44.45100237881303,12.825766894048847,17.0,-24.01888315051689,2.0,0
88.93194571007857,7.532658954230621,12.0,8.59484214251896,1.0,1
79.78938449472082,7.687221418377099,9.0,11.96554884498404,1.0,1
82.76223556460565,13.300187458951674,7.0,21.164448767354102,1.0,1
52.09063826407809,13.302212832742185,9.0,6.979229342693786,2.0,0
80.26987669326498,3.876476111747298,8.0,13.589495823769,1.0,1
68.86056690051713,12.915540678288716,15.0,-2.928597688955594,2.0,0
50.51367614242001,2.7649771179249214,15.0,19.223599419956493,0.0,1
63.05564215686001,9.135644587782819,11.0,11.645506822393333,0.0,1
64.86393123447975,8.289235546339764,18.0,-12.069141656018619,0.0,1
68.90394707189172,3.5693498164560458,7.0,1.6552513496536712,1.0,1
53.35800544832798,12.036319468677343,8.0,5.870587293957438,3.0,1
84.35851560576755,13.88536479495449,15.0,1.0471421298606545,1.0,1
75.48511652655452,10.97551986571444,8.0,8.294040061022004,3.0,0
69.5134805273232,13.923443580658432,10.0,10.708227703666388,0.0,0
92.69588569623285,11.283293653561309,4.0,-15.144858954961215,1.0,1
63.52517070187371,7.439692903404365,3.0,16.00881860312967,0.0,0
71.38218360077228,11.952274660269412,4.0,6.963430343407315,1.0,1
75.83014302301454,8.703953703424585,7.0,2.6269830323671424,1.0,1
80.36063692132417,12.775728409724156,18.0,2.442170029001831,3.0,1
67.5517154416681,10.965907899065991,7.0,24.065253071404022,1.0,0
85.09539307590877,10.490009570496914,10.0,25.0,2.0,1
55.21910808171229,8.242376324283534,19.0,4.489339103966579,1.0,1
88.14583758935578,9.525173447036641,16.0,-1.3216852983900536,0.0,1
56.488295264343236,6.528681188759656,12.0,-7.426799145313405,1.0,0
70.03779961050377,9.682456627808657,4.0,9.314924079409346,0.0,1
71.5887569149055,13.004796423499485,18.0,5.3253231309764075,1.0,0
56.09822516646985,7.392306776068083,15.0,-7.439535247220022,1.0,0
88.8185335784325,13.167107705136747,10.0,8.049933756788732,3.0,1
40.652382337437516,6.30811709561446,4.0,-4.1617508417452385,3.0,0
63.20555097511415,3.9169814235529756,10.0,5.350423675374132,2.0,1
76.12365522621204,13.015034267133382,14.0,-1.7340893682388234,1.0,1
38.200243958003284,4.988121271168913,14.0,-15.405029890278158,2.0,0
60.50518883360868,20.054630562002572,5.0,7.489828740769108,1.0,0
52.0136817387038,10.184027495484774,4.0,3.7300713965222583,3.0,0
68.22515332597608,8.924254171144355,7.0,-6.133904123466763,2.0,0
69.45280037776077,13.02395791275284,16.0,12.808562049508712,3.0,1
75.0024907765489,13.054224582054271,18.0,-2.3420043325888553,0.0,0
88.66698345053877,18.891604533599114,19.0,-6.6641613865943885,2.0,1
66.43082290347988,6.753685401949319,15.0,-12.855620032310714,2.0,0
69.375895691962,6.029782291505733,13.0,-8.996583458443414,3.0,1
77.26851154113493,20.92931883208813,12.0,4.772895312108468,0.0,1
47.409480951418004,17.914147233866668,6.0,-7.2347977993330375,0.0,1
66.55692138596179,5.487467467783541,18.0,-1.0497321871310001,1.0,0
45.701240250141254,14.712968104498962,15.0,6.922969119380367,0.0,1
56.08602629698299,9.726477815753643,15.0,13.656720898838191,0.0,0
78.80231455831837,0.0,15.0,12.337861679388997,1.0,1
71.94693039377191,15.422931957319225,11.0,7.509243808935404,3.0,0
70.21128206965248,9.025100569401065,4.0,6.776107297567704,3.0,1
64.57160091912856,0.7683149443975985,5.0,-2.5548124885481727,1.0,1
78.10039568194522,14.541966486336523,4.0,3.2686697629584254,3.0,0
98.0,7.2673110348581105,6.0,-17.84143223128996,1.0,1
85.6790478233236,11.384793376096827,9.0,6.585591362121688,0.0,1
98.0,14.85503167979594,17.0,-13.80339317845535,0.0,1
87.24321290457834,7.866975084704502,4.0,13.649444451881276,2.0,1
55.999972220023814,7.462997117997874,17.0,-1.061190484599539,3.0,1
25.0,7.826502631384329,17.0,5.693580596999045,2.0,0
68.2140130034538,16.455145275920678,11.0,4.614204127299684,3.0,0
89.90055411045701,10.279696750662003,3.0,6.961207080887857,3.0,1
74.47971710279482,21.17193123098841,7.0,-0.70396942095442,3.0,1
86.24405249510849,10.058582088596827,8.0,-21.833887029573617,1.0,1
91.5189956950597,10.847369355966302,17.0,11.99674019871989,3.0,1
72.17207014625868,9.83198280021929,7.0,-2.915408261571657,0.0,0
81.35240875790493,15.247493029316594,19.0,10.439368915533557,0.0,1
35.1238190771953,9.05706933496995,15.0,10.117357099965018,1.0,0
56.931684111962994,17.510146259215652,7.0,9.494570154065638,3.0,0
67.40401195916597,10.987781412637517,16.0,-9.851845805323176,0.0,1
73.1838441003543,16.046322842126887,12.0,17.713358160823674,2.0,0
62.36375944080369,12.401671479406897,19.0,25.0,3.0,1
61.79539271121135,5.584001844224377,7.0,9.889078833832395,1.0,1
66.16355281596924,17.96456044561404,6.0,-1.5469730295967756,0.0,0
56.81565035033718,10.213155122188734,4.0,1.1329529915787635,0.0,0
43.47416194635669,7.414928875228199,15.0,8.840379131173812,3.0,0
78.69688549210777,15.615473152207695,12.0,1.5500479235699367,0.0,0
41.441793897284995,11.54399638424083,5.0,-6.874638247421597,1.0,0
65.06723909716385,6.778958748067758,3.0,7.887032782151507,0.0,0
72.49877065029567,6.51221396701846,15.0,-6.6593988383228595,2.0,1
62.32659924397827,0.0,7.0,-3.3571487276940015,0.0,1
40.755542209707045,2.793246001329731,13.0,13.099696431056998,1.0,0
57.88662683505743,13.081176982766564,13.0,-21.270997969453102,3.0,0
92.79824905806602,7.821349559166302,11.0,3.009367917351546,1.0,1
58.770424429627,9.91581638133287,9.0,20.220552213428427,0.0,1
51.706951482219864,10.512361835515783,8.0,-0.42619047400274246,0.0,0
41.18434006021752,5.084490361708625,4.0,4.764143642537545,2.0,1
69.12181053973146,12.855870331455236,18.0,-7.716187730129599,3.0,1
98.0,8.119479047202088,16.0,-2.5808180166812758,2.0,0
59.43860554597261,7.984186615349756,17.0,7.411308382180405,1.0,0
69.43348427789495,14.97969342411129,12.0,-4.045986161795408,0.0,1
47.849390932701866,3.434161409000314,4.0,0.4538924138009097,1.0,0
55.614625840287204,7.797460695760033,12.0,15.225043315231224,3.0,0
60.62357951070659,7.833836716884894,13.0,5.277464699519495,3.0,0
68.58369208982771,0.0,17.0,4.11713784170597,3.0,0
97.06443193824168,5.593807762819748,3.0,4.174404153032613,2.0,1
66.17084531192404,10.53552515004736,3.0,10.479587434636999,1.0,1
71.67680201288401,9.988748777479213,7.0,10.15316072171633,3.0,1
55.808135618768155,15.453299680440661,8.0,24.106408773932394,2.0,0
59.23083306808283,16.15937567144652,19.0,7.530767870252449,3.0,1
75.75125502797475,16.08862593725568,10.0,11.194236766469855,1.0,0
82.48415042390327,8.464364634571073,11.0,-4.014608115590059,0.0,1
80.87808905379806,10.618700072056951,14.0,-3.865156509199643,1.0,0
76.88384118847078,1.4426342013477047,17.0,-0.15244456576154697,1.0,0
76.69601780086256,8.93101569075022,5.0,-16.004786917341807,3.0,1
66.87979425899519,8.142911319589658,6.0,12.823519297917354,2.0,1
76.6751245715881,11.22340962743675,10.0,3.4551480533559538,0.0,1
54.080680431672505,5.673285839490829,5.0,-14.219251268302092,3.0,0
75.68385844018826,12.038641848090194,19.0,-1.2054037833754783,3.0,1
60.20618302695715,8.440543438723001,15.0,22.206396987758318,2.0,1
41.13423315802052,9.458833308385135,14.0,-2.3362748515418765,3.0,0
61.91939100492487,0.0,16.0,10.395680907742522,1.0,0
73.74330305042353,10.230290692885578,16.0,15.281566208957969,2.0,1
52.935398364323184,11.00672426607461,18.0,6.3951614429142865,2.0,0
98.0,13.199680829003956,7.0,16.73413081441756,0.0,1
74.1003422412956,5.920866760077837,13.0,-7.637751872343886,2.0,1
52.142298950602395,14.839994022769321,16.0,1.1304002439397909,0.0,0
83.9096074899891,10.413591009315944,17.0,16.10161995301936,1.0,1
54.66779853540406,20.79329505352417,14.0,6.698249232049664,0.0,0
54.836767630734386,16.189418439593652,15.0,4.868911182926047,1.0,0
59.29947513035643,17.05658492938356,4.0,1.1216432139630035,2.0,0
53.640112466325405,5.035765960830302,7.0,0.03501579601892679,2.0,1
41.311446401774454,14.118604635218961,12.0,-4.029783125670037,2.0,0
57.136330970368284,9.962163516844246,11.0,11.303778576228922,1.0,0
57.04710361312319,6.5845409920741265,15.0,17.373575518978022,2.0,1
65.5178699011105,16.765367887710298,12.0,16.66202819625682,0.0,0
69.44250924268117,5.068799447417012,7.0,1.443149473500057,0.0,0
87.31880045297922,8.35395300820496,19.0,-0.1395314386081168,0.0,0
77.41824242779845,9.560467563153926,14.0,-7.693985777386207,3.0,0
65.49725633370723,18.201770469491557,10.0,-3.136362607149101,0.0,0
51.08181208538753,0.5109275005011167,19.0,14.865901312872332,3.0,1
58.62530863277464,11.340813904776581,11.0,-7.505362071857421,1.0,0
51.86705781961181,6.499579851770555,16.0,-1.473828335985318,3.0,0
69.90074463844643,8.002255292057857,16.0,-0.7137649293172457,3.0,1
79.05700105387004,17.179890624008877,8.0,-2.6438039219544844,2.0,1
73.84779752061607,17.828897656016274,6.0,7.086595430180988,3.0,1
87.72581989294414,8.892019150009487,17.0,11.956348061178325,1.0,1
70.25870430132224,1.2176163962684292,6.0,-0.3977101289359175,0.0,1
47.528051265377634,4.8398387741921125,15.0,1.3668014028904003,0.0,0
83.26957326546716,12.47636473034299,17.0,3.4563031434388485,3.0,1
81.71536565690579,4.439778728203994,18.0,10.353769939022309,3.0,0
65.18059105660839,12.001549541548366,10.0,-25.0,2.0,1
67.18995019108814,13.532662564489137,16.0,1.252310784352722,1.0,1
69.0808877452932,10.574669557905064,14.0,3.6191936728506806,2.0,1
70.8112072986376,16.449648493091203,4.0,-15.346114969371953,3.0,0
62.06863384843032,5.47596248392789,14.0,0.3044928429955591,0.0,0
49.28623996033876,3.4903271491824768,4.0,19.27418286628101,2.0,0
61.55547294230016,5.277885607984542,13.0,-0.3515064661443539,2.0,0
54.35299491532364,13.23787051530843,11.0,-6.315227726663764,0.0,0
86.56148554629681,15.230261255239498,8.0,-2.698652492195727,2.0,1
51.16798849035443,11.957480186740536,17.0,-1.936374712970443,0.0,0
85.26415422777781,4.012058554829214,7.0,8.38759381675977,2.0,1
81.95160799550412,6.527673790373235,14.0,-14.169594001649461,2.0,0
59.32793754358446,6.529783380711791,10.0,-16.213503419246383,0.0,1
80.31833570039623,14.83862693389737,10.0,7.767083615434016,3.0,1
61.158970166526004,23.173703772075,14.0,7.559120312994425,3.0,0
51.82609731429892,17.522533592946132,10.0,-4.610690958071402,1.0,0
74.15629670727988,10.47234995909819,6.0,2.1080208485601517,3.0,1
60.808265123684734,17.397951868254676,10.0,0.9146336731484332,1.0,0
85.60593089115557,13.378033165822393,14.0,7.603291782322569,1.0,1
57.70302200078963,8.701929843271127,8.0,11.698044873917453,0.0,0
54.31157675346279,10.54351076406705,12.0,19.261323746695098,2.0,0
45.98330669482963,6.8283450323722725,3.0,-1.6442841806424142,0.0,0
68.11531296602192,7.323722166847109,11.0,-12.624573848541527,1.0,0
81.4907889603627,2.2963275186795906,8.0,4.989181525841508,1.0,0
68.14677197091406,9.418666773448171,4.0,20.421506585682636,1.0,0
98.0,5.42387139423338,13.0,11.806732943274257,2.0,1
75.89228470142558,9.46233127866968,13.0,7.543300046323907,3.0,1
69.206392690337,9.160629652868444,19.0,12.960642330571805,1.0,1
57.36661324386245,4.77368609300763,18.0,-3.6772214325270154,1.0,0
83.61574480470483,9.224348552337998,14.0,16.309190188243523,0.0,0
54.84973165531136,17.8768832471777,3.0,1.3898264897159178,3.0,1
53.763354779244835,2.65680284842354,14.0,8.32868323557288,0.0,0
50.622822678200336,3.7130876250931504,9.0,7.101387156134411,1.0,0
77.15587872299639,0.782262912706452,17.0,-4.775115456917668,2.0,1
69.8716837443822,0.0,7.0,-11.221959660874488,3.0,0
74.34253603531309,11.527900959512401,5.0,10.937987459354568,3.0,0
67.96930559985513,11.51733450408335,19.0,7.115137019191913,0.0,1
62.68091945056368,5.912208008350173,18.0,6.216168299098296,1.0,1
57.788365953988404,6.684131246816175,7.0,-4.622448193245926,1.0,1
69.2578827125086,5.685999902133649,13.0,10.085477496020182,2.0,1
84.33955662750613,7.314515052169435,12.0,-2.088990902087895,0.0,1
68.32059665386099,4.0044143692738485,18.0,7.438770041121802,1.0,0
67.98208444803376,0.0,15.0,5.573649721556739,0.0,1
97.29526862010505,4.901199073092682,13.0,11.121523959767789,2.0,1
47.63276114016428,6.777721175586419,5.0,-4.762466973636153,3.0,0
72.42911566929314,3.247892909723072,12.0,-1.1163943394971998,3.0,1
86.85095764507496,15.281927930154415,19.0,-5.552194194170205,3.0,1
90.74603164931534,7.993725303400881,15.0,-5.507246182651125,1.0,1
68.39117955071659,8.532984544680131,4.0,0.6789878718687476,1.0,0
74.75947878779563,13.630145165195707,14.0,13.692701090701714,1.0,1
63.28689992541422,0.0,8.0,-19.28169541985812,2.0,0
69.82079304544474,10.92183353587832,8.0,21.509434826866922,0.0,1
72.87096836502104,6.318634417308322,9.0,2.2832674508294097,2.0,1
57.09416715951306,20.157000823892517,19.0,1.6752567608254494,0.0,1
67.50809868383152,7.079853333889961,13.0,3.1912392936627763,2.0,1
46.48689302207352,6.078707455424101,15.0,0.7495558414011578,1.0,0
66.5643076814141,17.7261607584828,7.0,0.04377669192311684,3.0,0
60.84683853011417,11.052673353946235,13.0,17.860038309598668,2.0,1
78.25166576324672,18.13700669732343,13.0,1.4095778269494459,0.0,1
55.7366106528373,3.9497357515548295,10.0,25.0,0.0,0
87.98436314997592,13.43846092558891,3.0,21.6612747137559,1.0,0
60.599657856914796,0.13158661795699267,18.0,12.603272047796942,0.0,1
98.0,8.233781540861958,6.0,-2.2115298265715513,0.0,1
58.9325915950376,6.8451920143393465,8.0,12.57189270241366,2.0,0
59.49845866449838,0.0,17.0,-10.253917994691081,1.0,0
55.80486510340401,9.147951713825089,3.0,2.1323667280167022,3.0,0
54.54481378127267,11.364778774316944,6.0,1.0016541950454967,0.0,0
73.71405882034114,15.457918096887362,8.0,6.8681854714928345,2.0,1
54.64238155565597,9.640007037801057,7.0,14.597058528804059,2.0,0
60.124046579753816,11.004251486379651,5.0,-1.7351399718084695,0.0,1
82.22373088647437,17.117797361325167,8.0,11.958587243723608,3.0,1
66.78765637664281,7.7441232138029275,12.0,-9.383267269609426,1.0,0
57.25043616382071,8.421052569224972,18.0,13.78450850318331,0.0,0
70.72813097631439,8.54967113031374,17.0,2.041328826548661,2.0,1
98.0,5.7733976751121565,5.0,10.590460581777355,2.0,1
80.33118051351622,16.338117804019525,15.0,-6.571764037774297,0.0,1
47.85909664505061,15.240147888086263,13.0,-2.664165060074345,0.0,0
59.641401097103625,7.645891711122319,4.0,9.393260256749032,0.0,0
70.46527987438189,14.847048953741027,19.0,14.381603014898497,0.0,0
55.453723304473456,19.131046734534,4.0,-9.337710254197283,0.0,0
98.0,12.956603644262422,14.0,-8.16016529408222,2.0,1
84.84231068184899,9.646422041377686,17.0,2.446582809634664,0.0,0
47.303922250585984,5.935129876799097,7.0,4.351199431516651,3.0,1
80.4724707323432,11.436453805181818,15.0,9.488138859824769,3.0,1
54.81390845856838,3.756286946461442,3.0,5.335490116362049,2.0,0
76.73778929427915,11.21322135661931,12.0,7.566166656775543,1.0,0
56.38168955701825,11.84852962819565,18.0,8.684176852860094,1.0,0
58.02235984593025,7.367466517419425,3.0,-9.249293551021546,0.0,0
76.59894166763739,19.860979759719072,14.0,0.10754303431608303,0.0,0
64.35952935418847,11.275966758780083,9.0,-1.9777791394020818,1.0,1
66.17733771115066,18.883599235588104,16.0,4.391492846334607,2.0,0
74.69598519280615,9.329863895953173,14.0,-4.0823972933728685,3.0,1
63.784363997135436,2.7150728960936608,4.0,-4.982214597325726,0.0,1
76.87674434760501,13.383072758882626,19.0,-4.4486030663732965,1.0,0
58.08571227177581,5.411455127498702,12.0,-9.883888545982694,3.0,0
83.62664591965007,10.196565330121482,8.0,9.768076988651465,1.0,0
70.83391728008048,13.135548000745828,12.0,5.800232990486132,2.0,0
56.60713334107259,12.82458640636456,4.0,8.900914151753954,0.0,1
56.428229024946575,8.213474698665921,14.0,-11.620508308526523,0.0,1
69.3800613796001,4.097028301232547,6.0,0.8419649002823388,1.0,0
64.69686786543137,15.123783668753862,13.0,-2.182683903638093,1.0,0
63.100766736455235,15.522475126027839,11.0,6.289653911271988,0.0,0
73.1271922215366,15.10441410501237,3.0,-3.483455378650185,1.0,0
79.26637026623655,4.874104027779121,13.0,12.16977048237856,0.0,1
87.332205207688,21.170465403988658,15.0,12.018339695494078,2.0,0
41.41592128418384,0.7793977441623756,15.0,4.550820438677585,1.0,0
66.9960530565012,13.077926439306442,8.0,-12.527575467621471,1.0,1
50.795385916458,14.348805935824782,13.0,-2.847307615489939,1.0,0
79.86050827176035,14.545798011069383,13.0,-9.515935334079561,3.0,1
72.15266824914461,11.291230934986135,4.0,6.85122558869581,0.0,0
46.40212140326854,14.361743399808843,16.0,3.8583457751891554,0.0,0
45.517370229168634,14.830648405020531,11.0,-1.7037060966110702,3.0,1
94.30882736373906,5.617175879084016,7.0,-1.3742975410617464,0.0,1
73.28831245740152,18.05955238733745,7.0,-2.9046216069371047,3.0,1
67.37713279224255,8.434788570368973,4.0,-6.18497602410385,0.0,0
65.1603602065026,8.114035626054644,16.0,-17.168158717650766,3.0,1
34.24078964992045,6.168423251921472,8.0,-1.9972005628976381,0.0,0
59.08527156715041,16.522568485577757,14.0,-5.405158205011197,2.0,0
85.17212530862652,7.969331772645072,13.0,-8.285042409412696,3.0,1
60.0840251115886,12.769767529976619,5.0,-3.8299388366406744,1.0,0
67.02523112467304,7.793088438170251,5.0,3.515407957652662,0.0,0
83.03072674877089,14.879949749079206,10.0,25.0,2.0,0
79.26424118914646,4.955170112058735,12.0,-2.4390163641875615,2.0,0
65.21320700446083,10.691117127371514,10.0,12.874546201484645,2.0,0
57.28007844994844,15.676373658265943,3.0,9.738911809098656,2.0,1
70.6482473922682,13.894148585605157,14.0,11.101014949397712,0.0,1
69.02618883805046,6.630741559097197,18.0,-0.6126439104125398,1.0,1
37.83083352890447,8.012583325352844,11.0,2.5620565308915184,3.0,0
75.8078619328734,4.605214064756831,3.0,-14.280422139512112,2.0,0
95.00084863178621,13.910641195473701,3.0,-12.682637598688473,2.0,1
70.84145787077748,12.69652276471437,9.0,-7.170489464607607,0.0,0
81.21073525285856,5.97140916693604,18.0,-1.45156867242898,2.0,0
88.15759810166308,7.377925535144785,7.0,-8.195845081674431,1.0,1
31.852577958758218,11.077539846508783,3.0,-7.283241307890274,1.0,0
68.48010461649504,8.58418335556747,9.0,5.031018849503304,3.0,0
43.419642975292085,2.613960182694842,8.0,-3.8388693909221896,1.0,1
78.00339088927144,8.603895403941582,3.0,-7.650127247795103,0.0,0
73.19815550119336,19.39189565996565,3.0,-4.689093400034194,0.0,1
67.62523265278695,7.496909270056734,7.0,-13.492571763442434,1.0,1
40.37429310201955,6.021605791647068,8.0,-8.470917207664545,1.0,0
53.537931366706005,8.698856847184395,9.0,-16.582426621125354,1.0,0
81.19900623382564,6.434764591543431,18.0,12.518548605275198,0.0,0
79.35458985020603,18.355606142816235,12.0,6.934319881836954,3.0,1
67.3545218154558,0.0,13.0,-18.224470560434792,1.0,1
50.30663708556611,10.327662904150253,16.0,3.1513136750780957,2.0,0
87.65430989335016,10.039970147744066,10.0,0.8466500519266389,3.0,1
98.0,11.87628739083368,12.0,5.808292528376731,0.0,1
80.68011858676171,1.9747201049803813,19.0,16.034703847675043,2.0,0
47.53193644519574,12.631010090619478,15.0,-4.513742900675522,3.0,0
98.0,19.911301500727948,11.0,2.465131702147414,2.0,1
85.69610066404458,8.355400648333115,10.0,-2.213372746456993,3.0,1
67.3959194488235,2.0934460924450358,3.0,9.041903451231668,1.0,0
91.38878668075688,5.769489319113346,16.0,4.363242820282007,1.0,1
80.35538363764007,10.509103065516493,18.0,-12.126410226012215,1.0,1
75.86324143903344,20.31947267828334,11.0,15.62458244000213,2.0,0
82.98240667223436,2.2735002723562117,17.0,-1.0320161671049748,1.0,1
47.05447916179223,13.053710778980971,16.0,-19.37500596080588,0.0,0
68.29430744914112,7.50531225019027,15.0,10.893462537723492,2.0,0
81.9894788551422,15.406873969685734,16.0,9.329085574375345,1.0,1
64.20384449444157,3.9381585347013717,15.0,-7.553115088198087,0.0,1
91.05300156806821,9.791013860622437,9.0,12.03476290877664,2.0,1
77.51504338192294,8.782359791375693,16.0,15.221358940784768,0.0,0
70.58439443446154,18.240560809119398,16.0,0.18768965453298825,3.0,1
51.41403361336639,12.55353974606757,16.0,-11.938351520346258,1.0,1
73.70810064493372,8.477610961267365,19.0,6.464610212451874,1.0,1
78.5090964275222,6.363161296704341,11.0,2.403364055546907,0.0,1
53.272707900011206,17.84103223531916,7.0,5.847233145852341,0.0,0
66.20537759823065,17.80593266588241,13.0,0.13241865195647362,2.0,1
75.5400073255343,3.321397453477153,5.0,11.375229217497576,1.0,1
54.97328028822219,10.885246737549563,10.0,5.520029539376315,2.0,0
63.73764679691986,6.754701234793603,14.0,18.054833827939646,0.0,0
77.09510888951381,6.286605726494235,13.0,-9.846846436623242,2.0,0
82.82969461722466,8.736388437134707,6.0,-0.11546603080528639,0.0,1
54.778509170737465,13.588628043750317,16.0,3.133705380252234,0.0,0
90.10046424894281,18.382973991228482,9.0,9.173484576086773,0.0,1
81.61377446174708,13.62853991659361,8.0,9.849542886879181,3.0,1
67.27986175448865,6.958162520479908,10.0,-16.979355185014963,3.0,0
76.92121348519706,3.312281533535529,18.0,8.450166893150602,1.0,1
67.01335489269535,11.545011780428505,5.0,22.323370247103377,1.0,0
55.20548124323769,7.264976395775025,8.0,1.5040969211806066,2.0,0
75.1702743140273,8.117026384882573,12.0,25.0,3.0,1
39.60091128674037,16.980457846223718,10.0,11.68245592371294,3.0,0
91.33073291966575,10.350677591830637,19.0,10.061002168001362,1.0,1
80.58426802130928,9.805449826068912,4.0,8.451126876611214,2.0,1
60.58488618199366,0.7363606915486098,3.0,10.617584942033671,2.0,0
73.5712482551171,8.672297626853819,4.0,5.282739620810305,2.0,1
84.83319817637988,9.680647074377537,15.0,22.221089508534757,3.0,1
87.63105402297502,13.154000820730099,17.0,9.268728636964235,3.0,0
65.9639470562354,9.142750842561034,11.0,-10.907465369156183,2.0,0
71.79740966070155,3.2696933607750616,16.0,-13.55839411664935,2.0,0
57.64143670877412,8.630041175514984,15.0,-12.77307754317332,0.0,0
89.87842444381475,10.258258572236576,5.0,16.2953197456844,3.0,1
79.50548873741339,13.116455331259854,10.0,5.479344771827106,3.0,1
53.48900823846559,10.021538211715798,4.0,2.1488587520759546,0.0,0
73.0359408894334,9.15578707398517,6.0,-13.819525174378992,2.0,0
40.249827800817584,10.684366603446925,10.0,6.878833420195664,2.0,0
37.078575664950236,3.1949153604626526,5.0,21.73521436813671,0.0,0
57.00899805334646,10.398363696337823,3.0,-4.332542022735941,3.0,0
60.827363621692264,4.749139401596448,13.0,4.677741974925111,1.0,0
98.0,16.75085025631006,16.0,9.183478868941629,1.0,1
46.84341766559705,16.413964280513568,19.0,-5.897560801247798,0.0,0
51.00725985845513,3.8661563272418187,11.0,1.4952592721857818,1.0,0
55.5009435816479,12.611801069172344,14.0,-0.32125690495357295,2.0,1
65.72736626827296,8.608731157714136,12.0,6.7045035557017085,0.0,1
69.28972440992834,6.09104885133336,7.0,-6.606830431645255,0.0,1
75.28477501466521,11.40427174362761,3.0,2.462032758149536,1.0,0
82.57964808305036,9.496110420270066,16.0,15.869927299088381,1.0,1
72.51340625335807,11.23503353742087,10.0,-5.3575199025031965,2.0,0
62.00327880335867,10.35497357712474,17.0,-2.4620526434726235,3.0,1
57.23246371636056,7.629597633168194,15.0,-13.874928237313013,2.0,0
78.10887518739086,23.998486109186548,13.0,-1.6667879365052212,2.0,1
56.36920065711749,16.4967346527677,7.0,-0.8202904778994471,1.0,0
80.12442817497899,8.862896846221718,7.0,-2.967247027937055,1.0,1
64.81869435233806,3.640724077495575,19.0,5.970316022939802,0.0,1
80.15016334129189,11.515241414663585,7.0,7.9032057298639025,0.0,1
82.79518714831667,12.230705021238373,13.0,11.27545777313543,1.0,1
46.497617412938666,12.10181062921312,4.0,7.460892308314287,1.0,0
53.49710305156539,12.299501331538853,19.0,1.2883301114691337,0.0,0
38.361233360176726,5.273717240633119,10.0,15.516813728601072,2.0,0
62.729735401396894,10.21311261539353,19.0,19.81226927581568,2.0,1
92.77960893540579,8.12605423640871,10.0,9.222017089664575,3.0,1
77.92126148905095,1.7020158083679764,19.0,-8.554337809557044,1.0,0
62.89430815115241,6.256251880095412,7.0,-0.20656073241282735,1.0,0
25.997653054451163,5.8411941286859514,18.0,3.5909624218900573,3.0,0
72.28064457802486,8.475660685032963,6.0,-3.268531959871771,2.0,0
61.21840156581349,6.339960335471428,9.0,1.3719327685604452,0.0,0
63.195067868218985,14.794033280054805,16.0,14.319794032650222,2.0,1
62.73514124722854,8.720884328787088,9.0,10.542398605768328,2.0,0
49.99642383392264,5.1625496131238275,10.0,23.4344682477698,3.0,0
90.89758664942876,11.40904274341776,6.0,7.781549168645216,0.0,1
65.28661804004335,3.0863091485068663,18.0,1.1207259058010253,0.0,1
69.37598504008345,0.0,11.0,1.0601456721537859,2.0,1
55.02577689906258,12.955532572152784,4.0,-5.420134248897403,3.0,0
69.46442302782178,0.6392224878330204,6.0,-9.491592905386359,3.0,0
74.31698033833746,3.926658363457193,8.0,9.141137485533006,3.0,0
40.547867449946935,4.537228648082937,4.0,6.173708030318292,0.0,1
77.00572672291825,10.087684508365292,9.0,-8.263984541151935,0.0,1
47.540640515570054,12.008744596598731,8.0,-9.231779820879616,3.0,0
72.74212832186808,7.556587155185188,19.0,16.066155336506444,2.0,1
55.90965253719692,10.280716701220836,6.0,-7.8108715811627825,2.0,0
56.38626846900577,3.9224857057715248,4.0,-12.135173236526528,1.0,0
78.03990234674951,2.0075073399335857,4.0,-11.681228462533051,0.0,0
73.13673614663738,13.211585732502474,19.0,8.625261297812802,3.0,1
42.108363687705726,22.23158929455162,3.0,-13.948752640156002,0.0,0
44.05343237243392,16.762969548782728,15.0,25.0,2.0,0
32.20919202038366,8.779456407389493,6.0,-1.1636542316144385,2.0,0
74.32277028504778,11.615416289689502,7.0,-1.1612487196848722,1.0,0
68.20022015074449,14.441787624173251,12.0,9.900755494722313,1.0,0
55.91134850015155,4.7186729585466605,6.0,9.552517759761006,3.0,0
74.34378907857469,11.043247909366844,19.0,13.997297803441704,1.0,0
91.68724854289097,10.57590441576395,11.0,-1.0434060491792163,1.0,1
79.24840734472659,16.185252709212342,9.0,1.4941259856656992,0.0,0
67.11274600307337,9.799525439477819,10.0,-5.26994372407347,3.0,0
61.47630765432907,10.129810567167524,7.0,-18.028137385258297,2.0,0
57.93687432107561,5.855624185998643,14.0,15.095256365144003,0.0,0
60.71812265538132,8.802644674418381,7.0,-6.04149961574959,0.0,0
58.11112949143668,4.826395046576275,14.0,-13.63705118543149,2.0,0
95.21268413485306,6.658308158226487,7.0,4.961005896232706,2.0,1
79.90933741999481,13.876145934253572,14.0,5.2741109519754,1.0,1
46.11593761924705,5.970411106911541,14.0,-4.220075239016879,1.0,0
87.14604590379216,5.45968783835425,7.0,4.834414357446372,1.0,0
56.95472673315559,13.009478243032207,12.0,-4.787881738421783,1.0,1
57.60634064648271,3.7334736882741844,16.0,4.532045102953498,2.0,1
98.0,17.148937262352092,13.0,-1.075277647170156,0.0,1
54.59169311318904,15.831441532662433,14.0,5.616005218435837,2.0,1
95.56527813390494,10.854776760937526,15.0,0.8695962912861566,3.0,1
62.86432255386045,10.0259322432951,17.0,3.953809159387986,2.0,1
43.32024627517504,5.563049889987731,13.0,-7.647384430113423,3.0,0
65.29713349880419,10.98197302505094,16.0,-10.243034100422616,2.0,1
77.51923933082882,6.37713085906046,11.0,3.616623863795536,0.0,0
56.90900886172088,9.131188053189199,13.0,2.9217710752683304,3.0,1
44.90485124901056,5.186847624570244,11.0,0.5066476292850246,0.0,0
65.16778262277701,10.305074277071027,11.0,10.894134565245253,0.0,1
59.33439517705726,12.86047861799241,3.0,5.757302976123567,0.0,1
81.85307205087712,13.567302312222438,12.0,7.887356228811461,1.0,1
85.01614285522442,6.739627152986028,18.0,-4.2840777869686555,1.0,1
54.81429601177593,9.626187182933458,7.0,1.060012257712152,2.0,0
65.48291467442453,9.198535285884905,3.0,16.159142745772684,2.0,0
26.204867226890656,7.595416669129296,15.0,-1.9564355412600092,0.0,0
81.76988035739141,10.38928362133652,13.0,-1.7061305353986222,1.0,0
54.907679377304675,1.4187566125772424,5.0,-2.413144938956827,3.0,0
68.98576553903162,6.173222424398478,4.0,-9.84965208284214,2.0,1
76.80552162247821,14.088558031314562,15.0,6.362794532328641,1.0,1
70.7350139380528,6.109380790697041,4.0,20.504123223750256,3.0,1
29.302171476868565,16.382354413904643,16.0,16.687637446545818,0.0,0
76.936242905721,6.7860821517963785,6.0,7.471223054393403,0.0,1
86.03109029139678,14.873288453501013,9.0,-5.063755021157926,0.0,1
79.72223306344785,5.000076095948015,14.0,5.567126390359526,0.0,1
84.16101914983884,8.478449152551038,3.0,-0.13855600993914408,1.0,0
55.735672848338076,11.748859088575296,13.0,1.2868393287406525,2.0,0
90.12595582465174,11.008287713172402,3.0,-8.09150341366842,2.0,1
98.0,11.425619206711362,9.0,-1.806248470663645,1.0,1
69.50912250209755,19.972142473405363,11.0,0.8380071564024594,0.0,0
91.2722886553446,11.880347981603856,3.0,-6.388561095125178,1.0,1
73.77916614486394,16.690980664693264,6.0,12.524230127991709,0.0,1
46.75307977610494,12.666260106068817,10.0,-11.454710979328944,2.0,0
49.798496074196976,4.8786883282056825,7.0,1.0587893543218134,1.0,0
77.71285495632883,10.368282974960973,16.0,-5.461947535570493,1.0,0
74.55896935968907,11.683118533136714,6.0,-18.999019857251223,0.0,1
69.26744076486624,2.91495543448507,14.0,25.0,2.0,1
74.39239609672215,8.16202266919907,18.0,-5.275736818213943,0.0,0
81.15099521773882,12.881445958591053,13.0,-8.033173903616845,3.0,1
72.53258877041033,1.803050472677155,16.0,-18.408588506475198,2.0,0
36.17331885924363,12.703047514735378,14.0,23.200807710507892,1.0,0
68.14152490715114,14.438531283919566,3.0,13.221280198349069,2.0,0
72.80983690823258,12.769381601394159,13.0,0.6692355798873308,0.0,0
90.0773172760702,16.04760351221443,3.0,6.774105734360883,1.0,0
93.96757517807009,12.712577217677753,9.0,25.0,3.0,1
74.70076525120876,11.986170264894959,6.0,21.501389841750186,3.0,0
86.59940807491193,13.523239161103238,18.0,-7.609963419243201,0.0,1
77.59335231664603,11.021738436044771,17.0,4.261080100443713,0.0,1
68.49815764711964,5.757375123236794,16.0,-8.48591644827592,2.0,0
67.56870661703668,11.076718966443746,16.0,7.00813133546111,3.0,1
63.71662676724041,7.832865076092455,4.0,6.823862373324524,3.0,0
83.69716477906933,1.312890354689447,19.0,13.175741969331558,3.0,1
72.66900427882096,15.595435424255133,12.0,-2.6678918804351968,3.0,1
60.35836330666913,6.003317678375131,13.0,5.426471991948034,3.0,1
47.660013441401546,4.586465888565922,11.0,5.945994213705404,1.0,0
61.809655189579956,13.830919834251421,6.0,-0.3949863558674638,2.0,0
90.5351815079417,0.0,6.0,9.978592002792693,1.0,1
95.077042497885,6.429344538999743,5.0,-4.8006915402841015,2.0,1
60.93030748331409,2.130705347320573,11.0,-6.656981808817655,1.0,1
75.21739653926116,8.692893964134813,15.0,-4.594976961732696,1.0,0
60.90608192756597,15.480711831776699,3.0,-5.2236035886738525,2.0,0
68.00432166541087,11.298056739516072,9.0,22.91669089395488,1.0,1
73.22078309490497,10.189399972447994,15.0,2.4345002435145764,2.0,1
67.15820651111378,13.06522104885393,3.0,-3.4208079719450097,1.0,0
56.54628089950027,10.500714562300383,6.0,-12.956602508753674,0.0,1
60.920432914399825,15.22532332885562,7.0,6.7200956837807375,0.0,0
97.39032271726421,4.040593445290624,9.0,17.28560814293865,0.0,1
54.320243505465896,10.757949224097615,8.0,-2.7092141064485986,1.0,0
35.38223189484147,15.608920754922941,18.0,1.1889284345063884,2.0,0
73.7353532218683,5.531218308527639,12.0,-20.551755584740434,1.0,0
64.80589080515787,4.260485624049956,14.0,2.8893554088928535,3.0,0
55.98883301593342,14.21969535445778,3.0,-1.626109504369171,1.0,0
73.63939995501943,11.69497255237413,19.0,-1.6970074520877487,0.0,0
83.49984851077693,12.241548528781895,19.0,0.20834006786586667,3.0,1
43.12463883072235,7.050593342230973,3.0,-9.363028628925305,0.0,0
32.75691774183417,2.4311918668001216,17.0,0.6765432664251372,2.0,0
98.0,11.562699569912896,7.0,6.748163228630915,2.0,1
61.91307582428781,8.583284131462502,7.0,8.110019598252599,3.0,0
70.91822743558201,16.40472104390212,4.0,-8.754197566188184,2.0,0
72.00476276263743,10.32991650959123,17.0,-2.6441181923118053,0.0,0
67.2242575924695,7.672066102056999,10.0,-4.856069923582623,3.0,1
88.3206869428308,7.333739086586517,15.0,4.447762837986568,1.0,0
90.85341290022261,9.32423196483792,5.0,9.464182196329606,3.0,1
54.13036224122632,16.17999241381697,15.0,5.114093474506757,2.0,0
86.50146075038437,13.826712680681426,17.0,-12.217273470374627,3.0,1
79.6405390980128,10.853259708750256,6.0,-11.905124336305947,3.0,0
67.14949619088384,1.7231374800640769,11.0,7.288274933846129,3.0,0
98.0,14.239366447486713,5.0,-2.2291425582250275,2.0,0
52.60043834110263,11.66571266037555,11.0,-19.582496627479273,2.0,0
69.62091288245222,4.611318209763683,15.0,6.242481374551888,0.0,1
68.10775254562596,6.156785975192669,14.0,-0.46885855827282885,1.0,0
77.43760394104436,22.34598018346409,3.0,-4.218359906044047,1.0,1
71.39381921809958,11.908452672398068,16.0,1.4662515557148923,3.0,1
83.77878476625139,12.692489268205414,12.0,1.8797008010105347,2.0,1
54.92786158812673,11.489665884842074,9.0,-5.502190702421325,2.0,1
57.14640193854169,12.562974967156142,11.0,4.576957212765554,3.0,0
74.22888625767057,11.078493569429762,19.0,1.5808028875767124,2.0,0
68.94549332840027,6.794920420062183,13.0,18.937662407624924,0.0,0
62.876148123177074,18.7977363472465,6.0,-7.034825372238407,0.0,1
73.17544081520977,3.134746702156791,8.0,-2.7852849475776624,3.0,0
59.9965622598998,2.5597162803407345,14.0,12.856094029740586,1.0,1
56.78334681619513,18.00785688947713,4.0,9.495505389261462,2.0,0
77.68840328358895,8.688109346449167,10.0,0.3065749297863445,2.0,1
69.46070035480727,14.77313896826153,10.0,10.091174883856002,2.0,0
40.178952599665095,4.718775036674021,18.0,5.183592265747336,3.0,0
84.62805775414498,4.063384454688627,7.0,-0.36180302232649986,1.0,1
90.90363382283867,14.542934008065737,3.0,4.901333270887555,3.0,1
67.87637950230909,11.831684844670304,6.0,-7.14555046793922,2.0,1
79.04891709238805,15.289173840644533,19.0,4.723334011283283,2.0,1
77.03536005141058,10.10599321756183,17.0,-24.94002617692488,0.0,0
54.89480537599928,14.97477798783332,17.0,-4.77540012906899,1.0,0
96.49661534787671,18.117935889864434,18.0,5.597114989041066,3.0,1
47.88826119409042,13.220741685759911,16.0,-5.340734681435281,2.0,1
76.01933323382742,10.5905173250323,7.0,-25.0,3.0,1
75.13485357341526,9.487070268957101,4.0,18.42161691930406,2.0,0
72.98197006594658,12.188366500965532,8.0,12.444918940505687,1.0,0
28.986601379526043,7.614395489909593,11.0,9.609455258811165,0.0,0
70.37965081472437,16.440330351310923,14.0,-0.952167071206611,1.0,0
92.02562996209909,1.4668134683286098,19.0,-2.5840827455315756,1.0,1
71.84114420227328,8.536479177892565,4.0,9.571183686744448,3.0,0
73.28491699484074,15.902636312059848,18.0,20.904589932744518,1.0,1
67.13479718339347,12.786982785968114,11.0,0.8432715752054982,0.0,1
88.75291514385854,4.299076364256607,13.0,-2.3211176045301256,3.0,1
61.237072242362764,6.6699209301980185,13.0,-3.5081691733379383,0.0,1
51.95619180562261,23.656443545797757,7.0,7.908820734916369,2.0,1
69.07927305708579,14.23062622952803,5.0,20.395020028225634,1.0,0
80.59335107357127,6.508736515685695,7.0,-8.333374959890293,1.0,1
53.65687750201165,4.111051161495645,17.0,5.132365273747173,1.0,0
51.297411606568545,7.640701761392903,11.0,-4.0544948787196535,0.0,0
82.09477541118717,9.90508700159569,4.0,1.5769527432740127,1.0,0
55.75846196964133,10.850121571272853,11.0,-0.3624963262368821,3.0,0
74.82944768034281,7.759686329288758,6.0,3.4549304703531,2.0,1
69.12793966433863,6.8949412259631275,10.0,-7.449338356200993,0.0,1
77.07153055333957,6.526703233105701,7.0,25.0,3.0,0
80.72388819318013,19.264324874692864,12.0,-5.870019834725421,0.0,0
60.86199026635387,12.791092877737688,5.0,3.5151697174797847,1.0,1
74.11292119139999,13.994564637955108,19.0,-7.395627418527589,3.0,1
69.61442456235308,6.883854082769325,17.0,-4.213944935471182,2.0,1
47.46963515834145,2.4978979888974573,10.0,0.04995622345580841,1.0,0
72.68922645227066,11.326588400389916,10.0,-5.431204075544507,1.0,0
79.4591318354028,9.530540867408172,18.0,12.79123779324209,1.0,1
60.162364662573594,0.9370581671567919,12.0,4.6835898801852265,3.0,0
74.75498658299904,8.257065170225063,14.0,-6.067462514455922,1.0,1
59.02561454649878,15.547120945960284,16.0,-6.828655145476006,3.0,0
81.8973110037426,8.209953470544887,15.0,4.873807096435505,2.0,1
53.49641680842589,9.745766914453592,5.0,-1.566114765593062,3.0,0
62.85542744553716,4.711726019385676,10.0,5.248516585110453,2.0,0
63.331620493550744,21.209189000054927,5.0,-20.40704260997945,1.0,0
55.501720123475536,14.499129160641415,5.0,10.132576787196394,1.0,0
66.20869065229365,9.476066731760946,3.0,1.2162697187423734,2.0,1
80.05139303724584,3.8486992620071163,16.0,-8.506638992331489,3.0,1
72.0051726910474,12.526337579663853,10.0,-12.294982383634684,0.0,0
70.69129291378009,14.271923303391858,12.0,-7.86979755796072,0.0,0
98.0,11.505623714260121,9.0,18.063611506307183,1.0,1
52.17286765390914,15.298768054091175,8.0,-12.98110341648047,1.0,0
25.596423243229182,8.297469524840805,9.0,8.539478209229404,3.0,0
54.39961331660327,3.470088136061963,14.0,1.2855459695239462,2.0,0
87.63665834627508,5.748963124304712,16.0,5.131656073323494,2.0,0
46.895517061303806,10.059555081243158,15.0,21.81199998686964,0.0,0
25.0,13.665267965021899,6.0,1.0378651707180098,1.0,0
73.60339996573641,14.230867315139314,8.0,-2.4746363820648183,3.0,1
74.53906939771787,12.713381732801643,9.0,1.8566599548808906,3.0,1
46.745676712590246,19.8848768405659,8.0,-4.046337365424463,0.0,0
69.0748977544637,8.066581787558587,15.0,1.8256610305099097,2.0,0
30.280200656202943,19.40438153503925,5.0,0.5271168646544246,2.0,0
60.463995820011995,6.638420668397927,17.0,16.69723764508545,1.0,0
57.593272757228874,7.73690530173028,16.0,-0.45550165200685955,2.0,0
46.94938311560908,0.2634741715509161,6.0,-8.875021197614503,2.0,0
56.2536360541653,0.0,7.0,-8.179887237676812,3.0,0
70.99948275476045,4.9861072186044275,5.0,-13.360849590447241,0.0,1
81.89082847562669,14.511837085676602,3.0,8.30612362483333,1.0,1
62.85851951940407,8.994051182526249,13.0,22.37127896959813,2.0,0
87.3879825151385,2.6705425248323085,10.0,-4.437474252662504,1.0,0
42.46468544630052,12.976430301690197,18.0,8.66287282513144,0.0,0
69.38417265259672,5.502798802154563,8.0,-1.3259666077151269,0.0,1
48.99957478420522,10.90167670331957,3.0,-11.517959260633097,1.0,0
60.89104876486906,14.684844977946007,6.0,7.783981980168392,1.0,0
59.33897031302962,11.360005534415942,6.0,-4.283199853884129,1.0,1
62.41963710077917,11.130297945510126,10.0,17.927284560195684,2.0,1
76.94992107691773,2.663790032566167,6.0,-9.021370292635241,0.0,1
66.55536406229098,13.07322024040911,7.0,14.551584167047228,0.0,1
34.68414010192201,10.35294787708669,18.0,2.2577019369499127,2.0,0
87.84954473908915,13.92530459124993,13.0,-7.620771300715997,1.0,1
55.593486015834344,12.50232262492559,3.0,5.569088492157046,0.0,0
69.63696534094177,1.3546442662887443,6.0,1.4865714165503054,0.0,0
62.60037754997414,14.139691337236037,7.0,3.871419867702157,0.0,1
85.96095792238958,15.979920891908845,19.0,5.22909230404723,0.0,0
78.93805967167553,5.44344255633164,6.0,19.314287510323435,3.0,0
57.30767991511523,11.283918907569284,7.0,-14.710590848384548,2.0,1
73.9297297411886,7.391898313209202,5.0,-0.6441871272470365,2.0,0
