avg_user_rating,history_count,has_high_protein,has_veg,is_fried,spice_heavy,text_len,target_adherence
4.0,1.0,0.0,0.0,0.0,0.0,39.0,1
3.7422159713637826,25.0,1.0,1.0,0.0,1.0,60.0,1
3.2852592448168028,13.0,1.0,0.0,0.0,1.0,66.0,0
3.3086718844341627,29.0,1.0,1.0,0.0,1.0,63.0,0
2.408889963833894,8.0,1.0,0.0,0.0,0.0,141.0,1
1.635985972241791,11.0,0.0,0.0,0.0,1.0,27.0,0
3.366068189057985,14.0,0.0,1.0,0.0,0.0,10.0,0
4.662922445696172,15.0,0.0,1.0,1.0,0.0,40.0,0
3.5992607499421783,17.0,1.0,0.0,0.0,1.0,110.0,0
4.213951466519438,26.0,1.0,0.0,0.0,1.0,79.0,1
3.3510832418556755,1.0,0.0,0.0,0.0,0.0,20.0,0
3.438174207295389,39.0,1.0,0.0,0.0,1.0,148.0,0
3.3429416518139683,8.0,0.0,1.0,1.0,1.0,32.0,0
2.7922011562413735,38.0,0.0,1.0,1.0,1.0,27.0,1
3.906072961746331,15.0,0.0,1.0,1.0,1.0,150.0,0
3.726579277330151,9.0,1.0,0.0,1.0,1.0,55.0,0
3.0915577912944388,32.0,1.0,1.0,0.0,0.0,46.0,1
3.3556532942080075,25.0,1.0,0.0,1.0,0.0,85.0,0
3.091957679712492,12.0,1.0,0.0,1.0,0.0,136.0,0
2.7193432040478944,21.0,0.0,1.0,0.0,1.0,55.0,1
4.431486090707823,31.0,1.0,0.0,0.0,0.0,21.0,1
4.0922344049869634,16.0,0.0,1.0,0.0,1.0,158.0,1
2.6206503756202637,10.0,0.0,1.0,0.0,0.0,57.0,1
1.278586491046648,25.0,0.0,1.0,1.0,0.0,91.0,0
2.6930950514915706,1.0,0.0,0.0,0.0,0.0,23.0,0
3.635746335220947,31.0,0.0,1.0,0.0,0.0,13.0,0
2.529945085759714,15.0,1.0,0.0,1.0,1.0,159.0,1
2.857533565059154,2.0,1.0,1.0,1.0,0.0,51.0,0
3.5981898384624746,2.0,1.0,1.0,0.0,1.0,131.0,0
3.4040329892014753,4.0,1.0,0.0,0.0,0.0,21.0,0
2.0363926759775492,26.0,0.0,0.0,1.0,0.0,138.0,0
3.4006154788468463,26.0,1.0,1.0,0.0,0.0,131.0,0
2.2423291385524786,36.0,1.0,0.0,1.0,1.0,88.0,0
4.524255714536321,14.0,0.0,1.0,1.0,1.0,148.0,0
3.1547013168832954,12.0,0.0,0.0,1.0,1.0,93.0,0
2.2447784381292877,9.0,1.0,0.0,0.0,1.0,137.0,0
2.2019855425147163,27.0,0.0,1.0,1.0,1.0,101.0,0
2.4275970349497404,34.0,1.0,1.0,1.0,0.0,17.0,0
3.788495755776033,16.0,1.0,1.0,0.0,1.0,113.0,1
3.3566805085702422,22.0,1.0,1.0,1.0,0.0,100.0,0
2.1032790390466087,27.0,1.0,0.0,1.0,1.0,18.0,0
4.0680141900694515,38.0,0.0,0.0,0.0,1.0,70.0,1
2.8470612446720343,3.0,0.0,1.0,1.0,0.0,69.0,1
3.3757672349301653,31.0,1.0,0.0,0.0,0.0,151.0,1
1.0972476862513698,18.0,1.0,0.0,1.0,0.0,102.0,0
3.3983206147628136,22.0,1.0,0.0,1.0,1.0,27.0,0
2.348177367716537,12.0,1.0,0.0,0.0,1.0,68.0,0
1.8777476845750425,17.0,0.0,0.0,1.0,0.0,24.0,0
3.8327584912456127,3.0,1.0,1.0,0.0,0.0,88.0,1
3.4272112272414623,30.0,0.0,0.0,1.0,0.0,72.0,1
3.5122004156463094,8.0,0.0,0.0,1.0,1.0,132.0,1
2.1704601993093675,29.0,0.0,1.0,0.0,0.0,73.0,0
4.741050696701857,3.0,1.0,0.0,1.0,0.0,81.0,0
2.973923137131819,9.0,0.0,1.0,0.0,1.0,143.0,1
2.7663322475605643,23.0,1.0,0.0,1.0,0.0,31.0,0
4.375887412479564,1.0,0.0,0.0,0.0,1.0,116.0,0
3.5861994264330184,29.0,0.0,1.0,0.0,1.0,49.0,1
4.215865966813678,25.0,1.0,1.0,0.0,0.0,48.0,0
3.078069319117449,23.0,1.0,0.0,0.0,0.0,55.0,1
3.2370625143272047,3.0,0.0,0.0,0.0,1.0,89.0,1
3.855125657008242,31.0,1.0,1.0,0.0,1.0,52.0,1
2.1079858175700146,6.0,1.0,1.0,0.0,1.0,23.0,1
2.7948813810659807,14.0,0.0,1.0,1.0,0.0,32.0,0
2.7456187582189786,33.0,1.0,1.0,1.0,0.0,61.0,0
4.490983211149178,12.0,0.0,0.0,0.0,1.0,73.0,0
4.165461753827609,1.0,0.0,0.0,1.0,0.0,42.0,0
2.390458546243542,8.0,1.0,1.0,0.0,0.0,28.0,0
3.4135682666108176,37.0,0.0,0.0,1.0,1.0,11.0,1
2.5754934776344576,16.0,1.0,1.0,0.0,1.0,50.0,0
2.594042068060761,37.0,0.0,1.0,1.0,1.0,80.0,1
2.7377639059166996,7.0,1.0,1.0,1.0,0.0,38.0,0
3.6546953505160165,4.0,1.0,0.0,1.0,0.0,66.0,1
4.3874873199600515,17.0,0.0,0.0,1.0,0.0,108.0,1
4.932970551863404,14.0,0.0,1.0,0.0,0.0,130.0,1
4.666832959784989,4.0,0.0,1.0,1.0,1.0,46.0,1
3.4164281702312245,11.0,1.0,1.0,0.0,1.0,130.0,1
2.7645316416004855,33.0,1.0,1.0,1.0,0.0,54.0,0
3.645576089535563,4.0,0.0,0.0,0.0,1.0,142.0,0
4.14725452376863,1.0,1.0,1.0,0.0,0.0,135.0,0
4.7000356383640165,34.0,0.0,0.0,1.0,1.0,150.0,1
2.926932608008696,26.0,1.0,0.0,1.0,0.0,57.0,1
2.2897897134010146,38.0,0.0,1.0,0.0,0.0,138.0,1
3.423997135817681,21.0,1.0,1.0,1.0,0.0,154.0,0
2.993196379937209,25.0,0.0,1.0,0.0,1.0,79.0,1
4.449650465193722,15.0,1.0,1.0,1.0,1.0,17.0,0
4.115358935137833,33.0,0.0,0.0,1.0,0.0,106.0,1
4.877068554785057,35.0,0.0,0.0,1.0,0.0,71.0,0
3.0229205708718805,2.0,1.0,1.0,1.0,1.0,19.0,0
3.1952834939103565,39.0,0.0,0.0,0.0,0.0,12.0,0
3.9289992262194073,32.0,1.0,0.0,0.0,1.0,59.0,1
3.4545816973703145,9.0,0.0,0.0,0.0,1.0,79.0,0
2.9007929995815585,28.0,1.0,0.0,0.0,1.0,131.0,0
3.733720527000844,9.0,0.0,0.0,1.0,1.0,62.0,0
4.063178909087712,6.0,0.0,1.0,1.0,1.0,12.0,1
3.6792424485783988,39.0,1.0,1.0,1.0,0.0,109.0,0
3.9489215835444194,35.0,0.0,0.0,1.0,0.0,46.0,0
1.7053334849113848,23.0,0.0,1.0,1.0,1.0,95.0,0
3.9770695524405406,6.0,1.0,1.0,1.0,1.0,134.0,0
3.217343997520863,31.0,0.0,1.0,1.0,0.0,17.0,0
4.166050093939618,34.0,0.0,1.0,0.0,0.0,108.0,1
1.0304029296234978,22.0,0.0,0.0,1.0,0.0,11.0,0
4.374054433079228,12.0,0.0,1.0,0.0,0.0,13.0,0
2.892143794345424,8.0,0.0,0.0,1.0,1.0,84.0,0
4.430370695242628,11.0,0.0,1.0,0.0,1.0,120.0,0
4.008631348562337,3.0,1.0,0.0,1.0,1.0,154.0,0
2.772404533944216,22.0,1.0,0.0,0.0,0.0,109.0,0
2.8180050798614156,29.0,0.0,0.0,1.0,0.0,35.0,1
2.426884802738108,34.0,0.0,1.0,0.0,0.0,137.0,0
2.9468659113193953,32.0,0.0,1.0,0.0,1.0,144.0,0
4.212072868450131,38.0,0.0,1.0,0.0,0.0,135.0,0
3.5994600497233398,12.0,1.0,1.0,0.0,1.0,56.0,0
3.752003817511109,12.0,1.0,1.0,1.0,1.0,67.0,0
3.9513723753790218,19.0,0.0,0.0,1.0,0.0,37.0,1
5.0,34.0,1.0,0.0,0.0,0.0,52.0,1
4.438561451023372,15.0,0.0,0.0,1.0,0.0,46.0,0
3.8997548289711506,35.0,1.0,0.0,1.0,0.0,23.0,0
3.562481334901568,2.0,0.0,1.0,0.0,0.0,125.0,0
4.368991042923724,14.0,0.0,0.0,0.0,0.0,113.0,1
2.5691245551808253,31.0,1.0,1.0,1.0,1.0,103.0,0
4.144595266624381,28.0,1.0,0.0,1.0,1.0,12.0,0
4.1284006019701565,4.0,0.0,1.0,0.0,1.0,42.0,0
4.943884985077022,38.0,1.0,0.0,0.0,0.0,120.0,0
4.348892628961483,9.0,0.0,1.0,1.0,1.0,31.0,1
3.4583705428318545,19.0,0.0,0.0,0.0,1.0,67.0,1
3.4456423263375937,4.0,1.0,0.0,0.0,0.0,66.0,1
3.126061878075827,25.0,1.0,0.0,1.0,1.0,77.0,0
3.596492080455323,3.0,1.0,1.0,0.0,0.0,122.0,1
4.038107462893207,32.0,1.0,1.0,1.0,0.0,19.0,1
3.570421840367327,7.0,0.0,0.0,1.0,1.0,85.0,1
1.9701549751398353,1.0,0.0,1.0,1.0,0.0,25.0,0
4.4881852703666025,31.0,0.0,1.0,0.0,0.0,82.0,0
3.583909152226923,17.0,1.0,1.0,0.0,1.0,89.0,0
3.6426457826695184,35.0,0.0,0.0,0.0,0.0,38.0,0
2.341965557495188,20.0,0.0,0.0,0.0,1.0,76.0,0
3.659785335632646,22.0,0.0,1.0,1.0,1.0,101.0,1
2.8663436560198883,18.0,1.0,0.0,0.0,1.0,57.0,0
3.464522539987673,6.0,1.0,0.0,1.0,1.0,31.0,0
3.688516372138579,32.0,1.0,0.0,0.0,0.0,26.0,0
3.477492128587487,13.0,0.0,0.0,0.0,0.0,121.0,0
4.68314292756134,22.0,0.0,0.0,1.0,0.0,28.0,1
3.371514689036605,27.0,1.0,0.0,0.0,1.0,124.0,0
4.579796608141947,21.0,0.0,0.0,1.0,1.0,92.0,1
4.652784951612792,39.0,1.0,0.0,0.0,0.0,130.0,1
4.780656434872979,22.0,1.0,1.0,0.0,1.0,139.0,1
2.7866524572781146,23.0,0.0,0.0,1.0,1.0,65.0,0
3.8731782482868544,6.0,1.0,0.0,1.0,1.0,89.0,0
3.23967403547899,17.0,1.0,1.0,1.0,1.0,154.0,0
1.709105929689815,7.0,0.0,0.0,0.0,0.0,74.0,0
3.5930091263470207,12.0,1.0,0.0,0.0,0.0,29.0,0
4.820708436064927,3.0,1.0,0.0,1.0,1.0,101.0,1
2.8051262801022148,37.0,1.0,0.0,0.0,1.0,10.0,0
3.4376880813596458,5.0,0.0,1.0,0.0,0.0,115.0,0
3.306515707705305,29.0,1.0,1.0,1.0,0.0,19.0,0
3.5661989311025186,13.0,0.0,0.0,0.0,1.0,130.0,0
2.9290967948564255,28.0,0.0,0.0,1.0,1.0,81.0,0
4.8723025747658655,9.0,1.0,0.0,1.0,0.0,147.0,1
2.287557857574897,3.0,0.0,0.0,0.0,0.0,21.0,0
1.8934517137925202,15.0,0.0,1.0,1.0,0.0,120.0,1
3.5421304109393854,13.0,0.0,1.0,0.0,0.0,118.0,1
3.2708545403776546,21.0,0.0,0.0,1.0,1.0,116.0,0
3.2738423548117375,10.0,1.0,0.0,0.0,0.0,56.0,0
5.0,6.0,0.0,0.0,1.0,1.0,115.0,1
4.073128124428138,23.0,0.0,0.0,0.0,1.0,79.0,0
3.1349549936641337,39.0,1.0,1.0,0.0,0.0,81.0,1
2.8520060958255824,28.0,1.0,1.0,0.0,0.0,24.0,0
2.8920013421766164,7.0,1.0,0.0,0.0,1.0,142.0,0
5.0,4.0,1.0,0.0,0.0,1.0,56.0,0
4.019671582362049,37.0,1.0,1.0,0.0,1.0,118.0,1
2.436310592857382,13.0,1.0,1.0,1.0,0.0,57.0,1
3.7529404444503496,16.0,1.0,1.0,0.0,1.0,92.0,1
3.454893542496984,38.0,0.0,1.0,1.0,1.0,97.0,0
2.3087225234204896,24.0,0.0,0.0,1.0,0.0,71.0,0
4.312961411812825,4.0,0.0,0.0,0.0,0.0,120.0,1
2.1403382310041468,11.0,1.0,0.0,0.0,1.0,138.0,1
3.3754979282068804,13.0,1.0,0.0,0.0,1.0,69.0,0
3.8051484388501726,31.0,1.0,1.0,0.0,1.0,107.0,0
3.7018371958735825,26.0,1.0,1.0,1.0,0.0,96.0,1
2.718750954908207,5.0,1.0,1.0,1.0,0.0,23.0,0
3.127226964703354,11.0,0.0,0.0,0.0,0.0,29.0,1
3.4488203364661696,31.0,0.0,1.0,0.0,0.0,16.0,1
3.183880984108449,2.0,0.0,0.0,0.0,0.0,121.0,0
3.59716998661434,27.0,1.0,1.0,0.0,0.0,58.0,1
3.150827242449221,17.0,0.0,1.0,1.0,1.0,91.0,0
3.6121603903194592,7.0,1.0,0.0,0.0,1.0,118.0,0
2.549763452125458,4.0,1.0,0.0,1.0,1.0,70.0,0
2.7839426227975146,22.0,0.0,1.0,0.0,0.0,154.0,1
3.5857844357758815,24.0,1.0,0.0,1.0,1.0,150.0,1
3.058570031731218,33.0,1.0,1.0,0.0,1.0,155.0,0
4.736936511178321,39.0,1.0,1.0,0.0,1.0,118.0,0
4.499858739356109,23.0,0.0,0.0,1.0,0.0,112.0,1
3.603844597274518,34.0,0.0,0.0,0.0,1.0,73.0,0
2.5456891585820505,25.0,0.0,0.0,1.0,0.0,20.0,0
2.6084974656456543,8.0,0.0,1.0,1.0,1.0,85.0,1
1.9606174131356435,28.0,0.0,1.0,1.0,1.0,143.0,0
4.579970207236614,19.0,1.0,0.0,0.0,0.0,65.0,1
2.506950190212897,8.0,0.0,1.0,0.0,1.0,20.0,0
4.575205604548927,17.0,1.0,0.0,0.0,1.0,147.0,0
2.42714901614643,21.0,0.0,1.0,0.0,1.0,85.0,0
2.719302311648822,18.0,0.0,1.0,1.0,0.0,155.0,0
3.1582947486688058,25.0,0.0,1.0,1.0,1.0,45.0,1
1.4506773435544216,33.0,1.0,0.0,1.0,0.0,43.0,0
2.1690890614872855,12.0,1.0,1.0,1.0,0.0,142.0,0
3.1796556842829475,2.0,0.0,1.0,1.0,1.0,73.0,0
2.5869650630647625,10.0,0.0,1.0,1.0,1.0,71.0,0
2.4147870290437656,16.0,1.0,0.0,1.0,0.0,103.0,0
4.177152238609516,19.0,0.0,0.0,1.0,1.0,144.0,0
4.834934499636123,17.0,1.0,0.0,0.0,1.0,85.0,1
2.8186226034991546,11.0,0.0,1.0,1.0,1.0,33.0,0
3.219769032616336,28.0,0.0,0.0,0.0,0.0,44.0,0
3.484114420951954,24.0,1.0,0.0,1.0,1.0,26.0,1
2.7781209130582143,26.0,1.0,0.0,0.0,1.0,91.0,1
2.310110235715934,36.0,1.0,1.0,1.0,0.0,40.0,1
2.989258649432246,15.0,1.0,0.0,0.0,1.0,131.0,1
3.489994945961404,1.0,0.0,0.0,1.0,1.0,143.0,1
3.968461332375215,39.0,1.0,0.0,1.0,0.0,40.0,0
2.3116917004037703,1.0,0.0,1.0,1.0,0.0,113.0,0
3.1212175569610796,33.0,1.0,1.0,1.0,1.0,62.0,0
2.802463824524603,34.0,1.0,1.0,0.0,0.0,98.0,0
4.072406306061585,17.0,0.0,1.0,1.0,0.0,47.0,0
2.3608316899511537,18.0,0.0,0.0,0.0,1.0,22.0,0
3.591233423337264,15.0,1.0,0.0,1.0,1.0,118.0,1
3.519420643475621,23.0,0.0,1.0,0.0,0.0,154.0,0
3.124962808495577,14.0,0.0,0.0,0.0,1.0,102.0,1
3.352351583142502,3.0,1.0,1.0,0.0,1.0,154.0,1
2.188150512879588,4.0,1.0,0.0,0.0,1.0,22.0,1
3.1496330412780678,32.0,0.0,1.0,0.0,0.0,30.0,0
3.566242086831855,32.0,0.0,1.0,1.0,0.0,72.0,0
2.894466395737075,13.0,1.0,0.0,1.0,1.0,76.0,1
3.7183531966859573,33.0,0.0,0.0,0.0,1.0,58.0,1
4.024037847754476,30.0,1.0,0.0,0.0,1.0,21.0,1
2.8915315850883454,30.0,0.0,1.0,1.0,0.0,30.0,0
2.7968087122743794,17.0,1.0,0.0,1.0,0.0,85.0,0
2.9194758241638694,18.0,0.0,0.0,1.0,0.0,154.0,0
3.4119773683039716,14.0,0.0,1.0,1.0,1.0,85.0,0
3.005915022611296,38.0,0.0,1.0,1.0,0.0,106.0,0
3.7154321493645206,1.0,1.0,1.0,1.0,1.0,73.0,0
2.050436248599976,18.0,1.0,1.0,1.0,0.0,43.0,0
3.2073452340434403,28.0,0.0,0.0,1.0,1.0,84.0,0
4.23434559951682,39.0,0.0,1.0,1.0,0.0,85.0,0
3.15373322469125,16.0,0.0,1.0,1.0,1.0,52.0,0
3.6467768822268556,26.0,1.0,1.0,0.0,1.0,133.0,1
3.8142109502075057,14.0,1.0,1.0,0.0,1.0,106.0,1
3.401101050652745,34.0,1.0,0.0,0.0,1.0,100.0,0
3.322206544272722,38.0,1.0,0.0,0.0,1.0,139.0,0
4.003020408101274,19.0,1.0,0.0,0.0,1.0,76.0,1
3.8419183337840117,8.0,0.0,0.0,0.0,0.0,95.0,0
2.9767849215960185,15.0,1.0,0.0,0.0,0.0,124.0,1
2.690756076743392,25.0,0.0,0.0,0.0,1.0,128.0,0
3.584096052931126,32.0,0.0,0.0,1.0,1.0,35.0,1
2.938916986379461,4.0,0.0,0.0,0.0,0.0,159.0,0
2.9111978689441047,34.0,1.0,1.0,1.0,1.0,103.0,0
3.537808391718062,34.0,1.0,0.0,1.0,0.0,90.0,1
2.9646970528297025,29.0,0.0,1.0,1.0,0.0,144.0,1
2.5601511523856746,10.0,1.0,1.0,0.0,1.0,92.0,0
1.2775364500389905,12.0,1.0,1.0,1.0,1.0,137.0,0
3.2704960215778187,6.0,0.0,1.0,1.0,1.0,21.0,0
2.1136411583594485,38.0,0.0,1.0,0.0,0.0,146.0,1
2.8007929426720453,33.0,0.0,1.0,1.0,0.0,149.0,0
3.075663765246614,26.0,1.0,0.0,1.0,1.0,68.0,1
2.8020470791627625,9.0,0.0,1.0,1.0,1.0,86.0,1
2.6744718192583123,4.0,1.0,1.0,1.0,0.0,74.0,1
4.0593447331585875,23.0,0.0,1.0,1.0,0.0,30.0,0
3.319515881427037,5.0,0.0,0.0,1.0,1.0,81.0,1
4.054266606984458,33.0,0.0,1.0,0.0,0.0,100.0,0
2.9989075371434137,36.0,1.0,1.0,1.0,0.0,96.0,0
3.2570339869581364,12.0,1.0,0.0,0.0,0.0,28.0,1
4.627209974720829,32.0,1.0,0.0,1.0,0.0,25.0,1
3.799771591060351,35.0,1.0,0.0,1.0,1.0,78.0,0
3.2194491595652788,34.0,0.0,1.0,1.0,0.0,27.0,0
3.9822245154595586,35.0,0.0,0.0,1.0,0.0,149.0,1
2.6701816319964076,15.0,0.0,0.0,0.0,0.0,146.0,0
3.866427870830552,2.0,0.0,1.0,1.0,1.0,113.0,0
4.2379960093882465,21.0,1.0,1.0,0.0,0.0,80.0,0
2.868774474442182,24.0,1.0,0.0,1.0,1.0,36.0,0
4.128031547134284,17.0,0.0,1.0,0.0,0.0,107.0,1
2.420724676008034,19.0,0.0,0.0,0.0,0.0,74.0,0
4.808310111866434,38.0,0.0,1.0,1.0,0.0,19.0,1
3.8599247826938052,31.0,0.0,1.0,0.0,0.0,23.0,1
3.5097550240080473,27.0,0.0,1.0,1.0,1.0,141.0,0
1.931890042192621,17.0,0.0,0.0,0.0,1.0,121.0,0
3.2763217916062115,30.0,1.0,1.0,1.0,0.0,35.0,0
3.3136138469238725,31.0,1.0,1.0,1.0,0.0,87.0,1
3.3320314702616995,13.0,1.0,1.0,1.0,0.0,21.0,0
2.2731679688687567,21.0,0.0,1.0,0.0,0.0,22.0,0
2.8243636112094284,5.0,1.0,0.0,0.0,0.0,54.0,0
3.709684015889315,29.0,0.0,1.0,0.0,1.0,91.0,1
3.652182084272105,5.0,1.0,0.0,1.0,0.0,10.0,0
2.2056360557342343,14.0,0.0,0.0,1.0,1.0,158.0,0
2.772703929828697,21.0,0.0,0.0,0.0,1.0,66.0,0
3.970030159628972,24.0,1.0,0.0,0.0,0.0,73.0,1
2.9290600148017343,22.0,1.0,1.0,0.0,1.0,65.0,0
2.896289583577011,11.0,0.0,0.0,1.0,0.0,137.0,1
3.302574334375215,27.0,1.0,0.0,0.0,0.0,97.0,1
3.911412699277837,18.0,0.0,1.0,0.0,1.0,71.0,1
2.901674043679321,23.0,1.0,1.0,1.0,0.0,54.0,1
1.7566906419298265,21.0,1.0,0.0,0.0,1.0,58.0,0
3.9143893569900716,1.0,0.0,0.0,1.0,0.0,142.0,1
2.4828195332424636,38.0,0.0,0.0,1.0,1.0,154.0,0
3.8583228074889075,14.0,1.0,0.0,0.0,0.0,33.0,0
1.8637150788717565,36.0,1.0,0.0,1.0,0.0,159.0,1
3.994528671246333,6.0,0.0,1.0,1.0,1.0,48.0,0
3.0498820536079476,21.0,0.0,0.0,1.0,0.0,156.0,0
3.8205722055191202,5.0,0.0,1.0,0.0,0.0,42.0,1
3.3751294050473306,8.0,1.0,0.0,1.0,1.0,97.0,0
3.3652020956154938,16.0,1.0,0.0,1.0,1.0,125.0,0
2.5267652552068607,19.0,0.0,0.0,0.0,0.0,18.0,1
3.7124832335799627,31.0,0.0,0.0,0.0,0.0,42.0,1
4.193814228408211,32.0,1.0,0.0,1.0,1.0,63.0,1
3.5512909080097486,29.0,0.0,1.0,1.0,0.0,50.0,1
2.6224745426081717,23.0,0.0,0.0,1.0,1.0,24.0,0
3.5880186817395407,21.0,0.0,1.0,0.0,0.0,66.0,0
3.843953391631751,31.0,1.0,1.0,1.0,1.0,52.0,1
2.969380656025531,22.0,0.0,0.0,1.0,1.0,61.0,0
4.060189400083258,15.0,0.0,1.0,0.0,1.0,133.0,0
3.9428692786277875,18.0,0.0,0.0,1.0,0.0,147.0,1
3.936688039610237,21.0,0.0,0.0,0.0,1.0,138.0,0
4.100913499254525,29.0,0.0,1.0,0.0,1.0,39.0,0
1.9645140023630454,28.0,1.0,1.0,0.0,0.0,90.0,0
4.166160922127956,35.0,0.0,1.0,0.0,0.0,146.0,0
4.584809216482891,26.0,1.0,1.0,1.0,0.0,140.0,1
3.3216032456752336,7.0,0.0,1.0,1.0,0.0,14.0,1
3.920708971988042,19.0,1.0,0.0,0.0,0.0,66.0,1
3.7783237797563163,30.0,0.0,1.0,0.0,1.0,150.0,1
3.7365935443914218,38.0,0.0,0.0,0.0,1.0,60.0,1
4.44016158300437,11.0,0.0,0.0,0.0,0.0,94.0,1
2.434697969387043,37.0,1.0,0.0,0.0,1.0,20.0,0
2.721142251264593,5.0,1.0,1.0,1.0,0.0,21.0,1
5.0,9.0,0.0,0.0,0.0,1.0,78.0,1
4.3699065176788165,9.0,0.0,0.0,1.0,0.0,87.0,0
2.641560816001711,10.0,1.0,1.0,1.0,1.0,26.0,0
3.025145614137337,16.0,1.0,0.0,1.0,0.0,75.0,0
3.4171379996350533,23.0,1.0,1.0,0.0,1.0,133.0,1
4.0080421936616055,30.0,1.0,0.0,0.0,1.0,154.0,1
2.9254613000104133,2.0,1.0,1.0,0.0,1.0,47.0,0
4.67726682562475,25.0,1.0,0.0,0.0,0.0,125.0,1
2.8334465104301216,34.0,1.0,0.0,0.0,0.0,129.0,0
3.3015567797829277,4.0,1.0,0.0,0.0,0.0,97.0,0
3.9033434929298356,20.0,1.0,1.0,0.0,1.0,106.0,1
2.2423021819260534,12.0,1.0,0.0,1.0,1.0,132.0,0
4.392268636392197,7.0,0.0,1.0,1.0,1.0,93.0,0
3.0829985807827422,37.0,1.0,0.0,1.0,1.0,138.0,0
4.1236932596984355,36.0,1.0,1.0,1.0,1.0,31.0,0
3.922863542954769,26.0,1.0,1.0,0.0,0.0,13.0,1
3.6582442372888857,10.0,1.0,0.0,1.0,1.0,88.0,1
4.0799769397438315,18.0,0.0,0.0,0.0,1.0,31.0,1
3.0127266061391342,5.0,1.0,1.0,1.0,1.0,67.0,1
2.0981437773977163,14.0,1.0,1.0,0.0,0.0,118.0,1
3.4007165953317284,38.0,0.0,0.0,1.0,1.0,57.0,0
4.65112467761482,36.0,1.0,1.0,0.0,0.0,96.0,1
3.2437969889192715,30.0,1.0,0.0,1.0,0.0,116.0,0
2.081023230177985,36.0,0.0,1.0,1.0,0.0,22.0,1
3.42126731286531,21.0,1.0,1.0,0.0,0.0,60.0,1
3.667338499263853,34.0,0.0,0.0,1.0,1.0,61.0,0
2.307952895047946,23.0,0.0,0.0,0.0,0.0,66.0,0
4.011828853164836,14.0,0.0,0.0,1.0,1.0,19.0,0
3.9994206026021573,25.0,0.0,1.0,1.0,1.0,65.0,1
4.477431385321411,32.0,1.0,0.0,0.0,1.0,56.0,1
3.721559220588987,4.0,1.0,0.0,1.0,1.0,120.0,0
3.1308537943848003,11.0,1.0,0.0,1.0,0.0,76.0,0
2.6282868076002153,37.0,0.0,1.0,0.0,0.0,113.0,0
1.995361708340252,26.0,1.0,0.0,0.0,0.0,53.0,0
3.981129573830629,4.0,0.0,1.0,1.0,1.0,79.0,1
3.4442044159395855,1.0,0.0,1.0,0.0,1.0,99.0,0
4.023768437685741,2.0,0.0,0.0,0.0,0.0,120.0,1
3.685029853762688,8.0,0.0,0.0,0.0,0.0,16.0,1
2.904986361008543,4.0,1.0,0.0,0.0,0.0,62.0,0
2.9882398411834314,31.0,0.0,1.0,0.0,0.0,139.0,1
4.222928996623662,28.0,0.0,0.0,0.0,0.0,19.0,0
3.987776074834717,33.0,0.0,0.0,0.0,0.0,19.0,1
3.140323845869166,32.0,0.0,1.0,1.0,0.0,132.0,0
4.3147509664096,25.0,1.0,1.0,0.0,1.0,95.0,1
4.075057524416153,21.0,1.0,1.0,1.0,1.0,90.0,0
4.246738283673421,27.0,1.0,0.0,0.0,1.0,23.0,1
4.144427332191624,20.0,0.0,1.0,1.0,1.0,68.0,0
3.416674422154148,36.0,0.0,0.0,1.0,0.0,19.0,1
3.3812453835464416,35.0,1.0,1.0,1.0,1.0,17.0,0
3.6060194495126856,13.0,0.0,0.0,0.0,0.0,35.0,0
3.532961716860711,8.0,1.0,1.0,0.0,0.0,120.0,0
2.7193221464893416,24.0,0.0,0.0,1.0,1.0,38.0,0
4.229089730300375,3.0,0.0,0.0,0.0,1.0,34.0,1
4.24373831100598,18.0,0.0,1.0,0.0,1.0,106.0,1
3.4788868316159505,9.0,1.0,1.0,0.0,0.0,35.0,1
4.567946623868477,17.0,1.0,0.0,1.0,0.0,72.0,1
3.794625899388228,11.0,0.0,1.0,1.0,0.0,22.0,1
4.466353429201771,19.0,1.0,1.0,1.0,0.0,23.0,0
4.6237636269512485,22.0,1.0,1.0,1.0,0.0,146.0,1
3.8431566774861463,34.0,0.0,0.0,1.0,0.0,73.0,0
4.573919443252678,27.0,0.0,0.0,0.0,1.0,121.0,0
3.544816364873258,10.0,0.0,1.0,1.0,1.0,155.0,0
4.190330074122418,11.0,0.0,0.0,0.0,1.0,117.0,0
2.2349930739046107,18.0,1.0,0.0,0.0,0.0,64.0,1
3.571771423971011,38.0,0.0,1.0,0.0,0.0,118.0,1
3.7625606479660627,26.0,1.0,0.0,0.0,0.0,88.0,0
3.6149180250218427,5.0,1.0,1.0,1.0,0.0,146.0,0
2.369457184429796,29.0,0.0,1.0,1.0,0.0,116.0,0
3.5893353111300206,18.0,0.0,0.0,1.0,0.0,26.0,1
4.848815976030642,3.0,0.0,0.0,0.0,0.0,109.0,1
3.981354594629338,31.0,0.0,0.0,1.0,1.0,150.0,0
1.7048296545305108,30.0,1.0,0.0,1.0,1.0,77.0,1
3.538034018379865,32.0,0.0,1.0,0.0,1.0,135.0,0
2.6893379098253734,32.0,1.0,1.0,0.0,1.0,12.0,1
4.989060230882858,21.0,0.0,0.0,0.0,1.0,86.0,0
1.6959889468697642,39.0,1.0,0.0,0.0,1.0,36.0,0
3.4621594191413423,12.0,0.0,1.0,1.0,1.0,35.0,0
4.2024553475748725,20.0,0.0,0.0,0.0,0.0,158.0,0
4.8457015324785155,22.0,0.0,1.0,0.0,1.0,78.0,1
2.394470504420969,37.0,1.0,1.0,1.0,0.0,49.0,0
5.0,35.0,1.0,1.0,0.0,0.0,64.0,1
4.158356150520257,6.0,0.0,0.0,1.0,0.0,52.0,1
3.729737656583572,14.0,0.0,1.0,1.0,0.0,47.0,0
3.5278883017928506,5.0,0.0,0.0,1.0,1.0,117.0,0
2.7688673457075494,15.0,0.0,0.0,1.0,1.0,14.0,1
3.3068930661874325,13.0,1.0,0.0,1.0,1.0,155.0,0
3.6971097308327776,3.0,1.0,0.0,0.0,1.0,14.0,1
2.8198185911637275,1.0,0.0,1.0,0.0,1.0,97.0,0
2.293546643122797,14.0,1.0,0.0,0.0,1.0,46.0,0
3.5276215569116056,9.0,0.0,0.0,1.0,0.0,55.0,0
3.5776195459554905,36.0,1.0,0.0,1.0,0.0,140.0,1
2.9821383048457357,28.0,1.0,0.0,1.0,0.0,70.0,0
1.6529550938190298,21.0,0.0,0.0,1.0,0.0,58.0,0
3.4979129437373286,21.0,0.0,0.0,1.0,1.0,148.0,1
2.7451356193202407,38.0,0.0,0.0,1.0,0.0,94.0,0
3.8730918200528963,11.0,0.0,1.0,0.0,0.0,70.0,1
3.2362020189437137,15.0,1.0,0.0,0.0,0.0,100.0,1
3.7561366580498468,5.0,1.0,1.0,1.0,0.0,121.0,1
3.9737506373009976,7.0,0.0,1.0,1.0,0.0,128.0,0
3.191087778856966,29.0,0.0,1.0,1.0,1.0,66.0,0
1.9600453778552926,4.0,0.0,0.0,0.0,0.0,41.0,1
4.111227966065037,14.0,1.0,1.0,0.0,1.0,35.0,0
2.030827778085428,35.0,1.0,0.0,0.0,0.0,100.0,0
1.7916340782559816,4.0,1.0,0.0,1.0,1.0,124.0,0
4.000868236923678,19.0,1.0,0.0,0.0,1.0,66.0,1
4.490972547312513,24.0,1.0,1.0,0.0,0.0,88.0,1
3.767867982908637,23.0,1.0,1.0,1.0,1.0,145.0,0
2.641260323340463,38.0,0.0,1.0,0.0,0.0,113.0,0
2.180207854768995,21.0,0.0,0.0,0.0,0.0,96.0,0
2.988308762171653,19.0,0.0,0.0,0.0,1.0,24.0,0
2.9479547530169814,16.0,1.0,0.0,0.0,0.0,69.0,0
4.143279947947024,6.0,0.0,0.0,0.0,1.0,110.0,0
4.728662844750095,4.0,1.0,0.0,0.0,0.0,94.0,0
4.132016025849789,5.0,1.0,0.0,1.0,0.0,157.0,0
3.2960446410652553,19.0,1.0,1.0,0.0,1.0,67.0,0
2.5018107918595986,16.0,1.0,1.0,1.0,0.0,20.0,1
1.9748873046928819,1.0,1.0,1.0,0.0,1.0,140.0,0
3.591754499396028,28.0,1.0,1.0,0.0,1.0,69.0,0
3.3358081433520788,18.0,1.0,0.0,1.0,1.0,21.0,1
3.909220287431747,23.0,0.0,1.0,1.0,0.0,41.0,1
3.7601050404292886,37.0,0.0,1.0,0.0,1.0,101.0,0
3.7665763465110076,23.0,0.0,1.0,1.0,0.0,149.0,1
4.645400270473386,22.0,1.0,1.0,0.0,0.0,16.0,1
3.5694207468746217,5.0,0.0,0.0,0.0,1.0,56.0,0
2.950626965315893,32.0,0.0,0.0,0.0,1.0,140.0,1
4.004269240823821,32.0,0.0,0.0,1.0,1.0,13.0,1
4.102264612588763,22.0,0.0,0.0,0.0,1.0,79.0,0
4.77632173869109,15.0,1.0,1.0,0.0,0.0,37.0,0
3.411853194487125,39.0,1.0,0.0,1.0,0.0,24.0,0
2.8332310019341587,7.0,0.0,1.0,1.0,0.0,72.0,0
2.4132613390113047,25.0,0.0,0.0,1.0,0.0,23.0,0
3.474916765107602,29.0,0.0,0.0,0.0,1.0,34.0,0
4.040944854078345,18.0,0.0,1.0,1.0,0.0,151.0,0
3.4037693728786187,27.0,0.0,0.0,1.0,1.0,147.0,0
4.641128757448691,22.0,1.0,1.0,0.0,0.0,28.0,0
3.9050866170302996,12.0,1.0,0.0,1.0,0.0,33.0,0
4.285413134877663,5.0,1.0,1.0,0.0,1.0,29.0,1
4.744213319002663,12.0,0.0,0.0,1.0,1.0,74.0,0
4.620976972898182,5.0,1.0,0.0,0.0,1.0,106.0,0
3.6757342036529423,21.0,0.0,1.0,1.0,1.0,12.0,1
3.8060410584204867,9.0,0.0,0.0,1.0,1.0,138.0,0
3.275766076072224,18.0,1.0,0.0,0.0,1.0,88.0,0
3.515391024836565,8.0,1.0,1.0,0.0,0.0,54.0,1
3.8546543737672105,9.0,0.0,1.0,1.0,0.0,149.0,0
4.162372826628172,36.0,1.0,0.0,1.0,1.0,82.0,1
3.5126463890566293,28.0,1.0,1.0,0.0,1.0,27.0,0
3.602283083611488,19.0,1.0,1.0,1.0,1.0,98.0,0
2.877527248451157,32.0,1.0,0.0,1.0,0.0,136.0,0
3.8420923822934454,1.0,0.0,1.0,0.0,0.0,87.0,0
3.4019943820529375,36.0,0.0,0.0,0.0,1.0,91.0,1
4.475739529137326,3.0,1.0,1.0,0.0,0.0,104.0,1
2.2299993269865697,32.0,0.0,1.0,1.0,1.0,61.0,1
3.2427218546395515,14.0,0.0,0.0,1.0,1.0,106.0,0
3.8053863025422885,11.0,0.0,0.0,0.0,1.0,21.0,1
3.5606005925701396,17.0,0.0,1.0,0.0,0.0,138.0,1
4.291889555780136,28.0,1.0,1.0,1.0,0.0,140.0,0
3.944509175142958,21.0,0.0,0.0,0.0,0.0,17.0,0
3.410462844089397,3.0,0.0,1.0,0.0,1.0,12.0,0
3.0449225941482507,9.0,1.0,1.0,0.0,0.0,16.0,1
2.487466017472096,36.0,1.0,0.0,0.0,1.0,77.0,0
3.3483620674619843,7.0,1.0,1.0,1.0,0.0,34.0,1
2.499484490296701,37.0,1.0,1.0,0.0,0.0,43.0,1
3.5854234088850423,7.0,0.0,0.0,0.0,1.0,28.0,0
4.353348146668165,9.0,1.0,1.0,0.0,0.0,89.0,1
2.7611204317607068,5.0,1.0,1.0,1.0,1.0,29.0,1
4.210739204240005,20.0,1.0,1.0,0.0,1.0,66.0,1
2.521703805964309,11.0,0.0,1.0,0.0,0.0,136.0,0
2.871822346600352,19.0,0.0,1.0,0.0,1.0,117.0,1
3.1717126709524606,16.0,1.0,0.0,1.0,0.0,137.0,0
3.3626377994425933,10.0,1.0,0.0,0.0,0.0,88.0,1
2.5294035857114268,15.0,0.0,0.0,0.0,0.0,74.0,0
1.750072551875936,34.0,1.0,0.0,1.0,1.0,141.0,0
3.035539227506722,30.0,1.0,1.0,0.0,1.0,93.0,0
3.8977730582029007,27.0,1.0,1.0,0.0,0.0,150.0,1
3.951428211861733,19.0,1.0,1.0,0.0,0.0,115.0,1
3.517140963426989,2.0,0.0,0.0,0.0,1.0,119.0,1
4.9811571773526335,13.0,1.0,0.0,1.0,0.0,112.0,1
4.565462833005494,13.0,1.0,0.0,0.0,0.0,25.0,0
2.891083529856362,26.0,1.0,1.0,0.0,1.0,40.0,0
3.527981006870541,31.0,0.0,1.0,0.0,1.0,114.0,1
2.7386641439009853,28.0,0.0,1.0,0.0,1.0,55.0,0
4.745171644359562,7.0,0.0,1.0,1.0,1.0,78.0,1
3.114860222163403,20.0,1.0,1.0,0.0,0.0,67.0,0
3.4811629508142596,18.0,1.0,1.0,0.0,0.0,81.0,0
5.0,32.0,1.0,0.0,0.0,0.0,78.0,1
3.1348948711736613,13.0,0.0,0.0,1.0,1.0,26.0,1
3.013130032940241,6.0,0.0,0.0,0.0,0.0,62.0,0
3.7488376882589787,29.0,1.0,0.0,1.0,0.0,16.0,1
4.778435940253219,11.0,1.0,0.0,1.0,0.0,62.0,1
3.6685031170321825,8.0,0.0,1.0,0.0,1.0,53.0,1
2.74255868571027,16.0,1.0,0.0,1.0,1.0,44.0,1
3.323455984842438,17.0,1.0,1.0,0.0,0.0,24.0,0
4.070827621196489,7.0,0.0,1.0,0.0,0.0,39.0,1
2.197879724539979,35.0,1.0,1.0,0.0,1.0,79.0,0
3.4253095918350294,35.0,1.0,1.0,0.0,0.0,116.0,1
2.6215793713726194,39.0,1.0,0.0,1.0,0.0,74.0,1
4.480601480385497,30.0,1.0,0.0,1.0,1.0,106.0,1
2.879483192198398,17.0,1.0,1.0,0.0,0.0,56.0,0
4.226997843508457,3.0,0.0,1.0,1.0,1.0,106.0,0
3.3682290880113146,28.0,0.0,1.0,1.0,0.0,97.0,1
2.784768831711154,23.0,1.0,1.0,1.0,0.0,53.0,0
4.257737158575261,28.0,0.0,0.0,0.0,0.0,10.0,1
4.2229111180440695,11.0,0.0,0.0,1.0,0.0,154.0,0
3.3756005983642536,37.0,1.0,1.0,0.0,0.0,129.0,1
3.8689162592849513,22.0,0.0,0.0,1.0,1.0,127.0,1
2.4022526893029053,6.0,1.0,1.0,1.0,1.0,116.0,0
1.8980362448249277,22.0,0.0,0.0,0.0,1.0,51.0,0
4.714919592255055,3.0,0.0,0.0,0.0,0.0,53.0,1
4.058274534475935,16.0,1.0,0.0,1.0,0.0,78.0,1
3.9735990504493577,14.0,0.0,0.0,1.0,0.0,75.0,1
3.2251440823813247,38.0,0.0,1.0,0.0,0.0,78.0,0
3.3730779836565246,1.0,0.0,0.0,0.0,1.0,138.0,0
3.572607372199935,14.0,1.0,0.0,1.0,0.0,100.0,0
4.646531614203249,7.0,0.0,0.0,1.0,0.0,79.0,0
2.5417293430539445,33.0,1.0,0.0,1.0,0.0,56.0,0
4.110841118739632,32.0,1.0,0.0,0.0,1.0,102.0,0
2.522333755607196,13.0,1.0,1.0,0.0,1.0,143.0,0
4.212747331054493,16.0,1.0,0.0,0.0,1.0,92.0,1
2.0948683237597434,14.0,1.0,0.0,0.0,0.0,94.0,0
3.097489073928562,15.0,1.0,1.0,0.0,0.0,130.0,0
2.7724872112388863,38.0,1.0,0.0,1.0,0.0,13.0,0
3.792188308819553,32.0,0.0,1.0,0.0,0.0,123.0,1
4.323164582772893,5.0,0.0,1.0,1.0,0.0,40.0,1
4.129906843841689,15.0,0.0,1.0,0.0,0.0,158.0,1
2.694112111201794,35.0,0.0,1.0,1.0,0.0,39.0,1
3.675091594902134,16.0,0.0,1.0,0.0,0.0,19.0,1
3.3591696132691613,2.0,0.0,1.0,0.0,0.0,147.0,0
3.9555095269002023,15.0,1.0,1.0,1.0,0.0,157.0,1
3.1897873622140547,6.0,1.0,1.0,1.0,0.0,52.0,0
2.2770449765593694,30.0,1.0,0.0,0.0,0.0,106.0,0
3.052947197898352,31.0,0.0,0.0,1.0,1.0,150.0,1
4.003743776363934,7.0,0.0,0.0,0.0,1.0,98.0,0
3.775782693669041,4.0,1.0,1.0,1.0,0.0,49.0,0
3.2373711256302684,24.0,0.0,1.0,1.0,0.0,112.0,0
2.406291503280709,33.0,1.0,0.0,0.0,1.0,41.0,1
2.712517137321855,9.0,1.0,0.0,0.0,0.0,70.0,0
4.027303176666393,12.0,0.0,0.0,1.0,1.0,68.0,1
3.046362872397497,31.0,1.0,1.0,0.0,1.0,11.0,1
2.643389100484538,30.0,0.0,1.0,0.0,1.0,133.0,0
4.609135533348121,34.0,0.0,1.0,0.0,1.0,61.0,0
3.280793746024536,1.0,1.0,0.0,1.0,1.0,111.0,0
2.949206688108347,31.0,0.0,1.0,1.0,0.0,38.0,0
3.3619083136290597,24.0,1.0,1.0,0.0,1.0,95.0,1
4.089657315803303,11.0,0.0,0.0,0.0,1.0,114.0,1
3.64799495592279,15.0,1.0,1.0,0.0,1.0,130.0,1
4.904747529718398,5.0,0.0,1.0,0.0,1.0,117.0,1
3.81484974419021,34.0,1.0,1.0,0.0,0.0,106.0,1
2.0723553605732374,4.0,0.0,0.0,0.0,1.0,79.0,1
3.660112877527336,29.0,1.0,0.0,0.0,0.0,46.0,1
4.616514912843724,5.0,0.0,0.0,1.0,0.0,128.0,0
3.3912538210846352,30.0,1.0,1.0,1.0,1.0,63.0,1
3.276806385977155,7.0,0.0,1.0,0.0,0.0,80.0,1
3.4465381744179253,35.0,1.0,0.0,1.0,0.0,80.0,1
2.003850062336485,7.0,0.0,1.0,1.0,0.0,144.0,0
3.756230416675948,17.0,0.0,0.0,0.0,0.0,92.0,0
2.529935987827164,35.0,0.0,0.0,0.0,1.0,33.0,0
3.564245127538317,30.0,1.0,0.0,1.0,1.0,115.0,0
4.824873372035727,28.0,0.0,1.0,0.0,0.0,122.0,0
3.9751053519723043,33.0,0.0,1.0,1.0,0.0,50.0,1
3.82031697467231,1.0,0.0,1.0,1.0,1.0,76.0,0
3.2165676804932333,32.0,0.0,1.0,0.0,1.0,32.0,0
3.8469172087730827,12.0,0.0,0.0,0.0,1.0,103.0,0
3.308636455743698,23.0,1.0,0.0,0.0,1.0,111.0,0
3.422382411941788,26.0,1.0,1.0,1.0,0.0,58.0,0
3.8893696825319717,2.0,0.0,1.0,0.0,0.0,52.0,1
4.659891668458386,5.0,0.0,0.0,1.0,1.0,60.0,0
3.2617916960054667,9.0,1.0,1.0,0.0,0.0,110.0,0
3.8924454466826024,20.0,1.0,1.0,0.0,1.0,92.0,0
3.910227916495786,3.0,0.0,1.0,0.0,0.0,15.0,1
3.4001718212662753,29.0,1.0,0.0,0.0,1.0,35.0,0
3.3076673509918164,22.0,0.0,0.0,1.0,1.0,131.0,1
4.40376536252815,38.0,0.0,1.0,1.0,0.0,18.0,1
3.927403552647129,33.0,0.0,1.0,0.0,0.0,15.0,1
3.5037109675770814,39.0,0.0,1.0,1.0,1.0,102.0,0
5.0,33.0,0.0,1.0,1.0,0.0,27.0,1
3.1075942820831233,20.0,0.0,1.0,1.0,1.0,74.0,0
2.5604372860713775,32.0,1.0,1.0,1.0,1.0,102.0,0
2.3842935511223056,16.0,1.0,1.0,1.0,0.0,40.0,0
3.2334219403490803,2.0,1.0,1.0,1.0,1.0,153.0,0
3.412226704933776,37.0,1.0,0.0,1.0,1.0,107.0,0
3.846843866001581,10.0,1.0,1.0,1.0,1.0,40.0,1
2.008387772279284,35.0,0.0,0.0,1.0,0.0,142.0,0
1.6437590028390168,19.0,1.0,1.0,1.0,1.0,37.0,0
1.492112275128482,8.0,1.0,1.0,1.0,1.0,118.0,0
3.398789550786937,24.0,1.0,1.0,0.0,0.0,31.0,1
3.4314564562000145,27.0,0.0,1.0,0.0,0.0,135.0,0
3.23211735863052,24.0,1.0,1.0,0.0,0.0,86.0,1
2.9252997942641685,39.0,0.0,1.0,0.0,0.0,59.0,0
3.1616168438384458,19.0,1.0,1.0,1.0,0.0,103.0,0
3.143317955416348,38.0,0.0,0.0,0.0,1.0,124.0,0
3.5021085483078602,26.0,1.0,1.0,0.0,0.0,15.0,0
3.908005981882669,1.0,1.0,1.0,1.0,0.0,155.0,1
4.180717654655965,8.0,1.0,1.0,1.0,1.0,33.0,0
3.60110361195802,27.0,1.0,0.0,0.0,0.0,56.0,1
3.429106078400243,4.0,1.0,0.0,0.0,1.0,29.0,1
1.5542729267058326,38.0,0.0,1.0,0.0,1.0,78.0,0
2.6593340067321067,3.0,0.0,1.0,0.0,1.0,129.0,0
2.908806620112242,16.0,1.0,0.0,1.0,0.0,11.0,1
3.622999761468183,1.0,0.0,0.0,0.0,0.0,103.0,0
2.5827365312564825,2.0,0.0,1.0,1.0,1.0,45.0,0
3.9570491562569314,33.0,0.0,1.0,1.0,1.0,10.0,1
4.29033092628557,21.0,1.0,1.0,0.0,1.0,119.0,0
2.9511295548435568,29.0,0.0,0.0,1.0,0.0,82.0,1
3.3163074641055656,14.0,1.0,1.0,1.0,0.0,127.0,1
4.177272195115201,30.0,0.0,1.0,0.0,1.0,28.0,0
2.5756259296828095,36.0,0.0,0.0,1.0,1.0,139.0,0
4.111368757689547,33.0,1.0,0.0,0.0,0.0,23.0,0
3.9135425439643847,2.0,1.0,1.0,1.0,0.0,24.0,0
2.698612992499431,10.0,1.0,1.0,0.0,0.0,53.0,1
3.8490007186150237,7.0,1.0,1.0,0.0,1.0,53.0,0
3.0550196800468448,10.0,1.0,1.0,1.0,0.0,31.0,1
3.01959652328019,22.0,0.0,0.0,1.0,0.0,85.0,0
2.6564979270371603,6.0,0.0,0.0,0.0,1.0,23.0,1
3.2364843052790424,39.0,1.0,1.0,0.0,0.0,39.0,0
3.480632675260494,9.0,1.0,0.0,0.0,1.0,10.0,0
4.858442475298512,37.0,1.0,1.0,0.0,1.0,27.0,1
2.925576277545688,39.0,1.0,1.0,0.0,0.0,156.0,0
4.658927508038974,35.0,1.0,1.0,1.0,1.0,42.0,1
3.412701620618907,28.0,1.0,1.0,0.0,0.0,23.0,1
4.1485055673620606,13.0,0.0,1.0,1.0,1.0,98.0,1
4.056041357561076,10.0,1.0,1.0,0.0,0.0,127.0,1
4.900687210167743,18.0,0.0,1.0,1.0,0.0,11.0,1
2.780528444031886,27.0,0.0,0.0,1.0,0.0,98.0,0
3.761721699269534,16.0,0.0,1.0,1.0,1.0,111.0,0
2.9505419388725023,25.0,1.0,1.0,0.0,1.0,120.0,0
2.177746280351429,4.0,1.0,1.0,0.0,0.0,41.0,0
2.814385049974274,10.0,1.0,0.0,1.0,0.0,78.0,0
2.6417769122483556,22.0,0.0,0.0,0.0,1.0,129.0,0
3.022525010444201,32.0,0.0,1.0,0.0,0.0,126.0,1
1.6907723638696877,38.0,1.0,0.0,1.0,0.0,75.0,0
3.6245732419084478,5.0,1.0,0.0,0.0,1.0,91.0,0
3.424512607681109,20.0,0.0,1.0,0.0,0.0,99.0,1
3.31061856344283,30.0,1.0,1.0,0.0,1.0,114.0,0
4.0412215930045585,26.0,0.0,1.0,1.0,0.0,49.0,0
2.5553128054280005,19.0,0.0,1.0,1.0,0.0,136.0,0
3.7907832324377093,36.0,1.0,0.0,1.0,0.0,128.0,0
2.8422205155548355,25.0,1.0,1.0,1.0,1.0,123.0,0
2.934303503681653,14.0,0.0,0.0,1.0,1.0,157.0,0
4.39995025453889,18.0,0.0,0.0,1.0,1.0,17.0,1
3.0196172149282297,1.0,0.0,1.0,1.0,1.0,73.0,1
4.915165506967918,25.0,0.0,0.0,1.0,0.0,71.0,0
4.274080793829927,28.0,0.0,1.0,0.0,0.0,138.0,1
3.533313252192622,38.0,1.0,0.0,0.0,1.0,116.0,0
3.404974601511454,38.0,0.0,1.0,1.0,0.0,100.0,1
3.4216843008493316,4.0,1.0,0.0,0.0,1.0,68.0,0
2.385721294077049,31.0,1.0,0.0,0.0,1.0,149.0,1
2.2693429173280553,38.0,0.0,1.0,0.0,1.0,52.0,0
1.8583055560802277,24.0,0.0,0.0,0.0,1.0,29.0,0
2.966942181099957,22.0,1.0,0.0,1.0,1.0,95.0,0
1.7723036553767408,1.0,1.0,0.0,0.0,1.0,89.0,0
4.55354061863489,11.0,0.0,0.0,0.0,0.0,137.0,0
2.539711452680525,10.0,0.0,0.0,1.0,1.0,77.0,0
3.604331623691441,26.0,0.0,0.0,1.0,0.0,159.0,0
2.5980146998572753,28.0,0.0,1.0,1.0,1.0,137.0,0
2.995678996196715,21.0,1.0,0.0,1.0,0.0,132.0,0
3.566276138897561,19.0,1.0,0.0,1.0,1.0,48.0,0
5.0,31.0,0.0,1.0,0.0,1.0,90.0,0
3.5254680061454535,38.0,0.0,1.0,1.0,0.0,119.0,0
3.221241182176695,7.0,0.0,0.0,0.0,0.0,101.0,1
3.547557149485482,16.0,1.0,1.0,0.0,1.0,142.0,1
5.0,33.0,1.0,1.0,1.0,0.0,142.0,1
3.341295066047511,26.0,0.0,0.0,0.0,1.0,121.0,0
4.340738700281892,2.0,1.0,1.0,0.0,1.0,85.0,1
3.2451609660143914,7.0,1.0,1.0,0.0,0.0,43.0,0
3.225163789521091,9.0,0.0,1.0,0.0,1.0,47.0,1
3.6550633138366213,33.0,0.0,1.0,1.0,0.0,19.0,0
3.50639065509339,13.0,1.0,0.0,0.0,0.0,91.0,1
2.5168500609780273,26.0,1.0,1.0,0.0,0.0,41.0,0
1.6286127005839512,3.0,1.0,1.0,0.0,0.0,159.0,0
3.6828832221028813,22.0,0.0,0.0,0.0,1.0,103.0,0
4.0595662260022225,29.0,1.0,0.0,0.0,0.0,139.0,0
4.308675880764394,35.0,1.0,0.0,1.0,1.0,28.0,1
4.666884552306446,3.0,1.0,0.0,1.0,1.0,152.0,0
4.667615001448333,38.0,0.0,1.0,0.0,1.0,86.0,1
3.365318091579632,2.0,1.0,0.0,0.0,1.0,157.0,1
2.844516947516942,3.0,1.0,0.0,1.0,0.0,139.0,0
4.180535942382562,24.0,1.0,0.0,1.0,0.0,75.0,1
2.045861843342425,21.0,0.0,0.0,0.0,0.0,125.0,0
2.593754710884178,5.0,1.0,1.0,0.0,1.0,34.0,0
4.36235009819367,4.0,1.0,0.0,0.0,0.0,53.0,1
3.596696698501016,12.0,0.0,0.0,1.0,0.0,80.0,1
3.324458937192699,5.0,1.0,1.0,1.0,0.0,48.0,1
1.845237430158719,13.0,1.0,1.0,0.0,1.0,70.0,0
2.4344376058126462,29.0,1.0,0.0,1.0,1.0,123.0,0
2.5038985027899345,25.0,0.0,1.0,1.0,0.0,66.0,0
3.3381462854365935,8.0,0.0,1.0,0.0,1.0,26.0,1
3.036138237361907,10.0,0.0,0.0,0.0,1.0,139.0,0
3.71814560393452,26.0,0.0,0.0,0.0,1.0,103.0,0
3.0642586307220854,5.0,0.0,0.0,1.0,1.0,75.0,1
2.185037923049984,13.0,0.0,1.0,1.0,1.0,76.0,0
3.4876151410879888,21.0,0.0,1.0,1.0,0.0,157.0,1
2.8348983252169573,3.0,1.0,0.0,0.0,1.0,58.0,0
3.570808743236156,16.0,0.0,0.0,0.0,0.0,16.0,1
3.5243450934373306,16.0,0.0,1.0,0.0,1.0,100.0,0
4.196610879704293,3.0,1.0,1.0,0.0,0.0,144.0,1
4.770482456472271,15.0,0.0,0.0,0.0,0.0,38.0,0
4.08661589625327,39.0,0.0,1.0,0.0,0.0,74.0,0
4.344215013323984,1.0,1.0,0.0,0.0,1.0,48.0,1
3.6635649600581597,3.0,1.0,1.0,1.0,1.0,59.0,0
2.0504407439556216,2.0,1.0,1.0,0.0,1.0,67.0,1
2.9258827727097687,30.0,0.0,1.0,0.0,0.0,15.0,0
3.6322245664834503,37.0,0.0,0.0,1.0,1.0,152.0,1
4.261103264155995,35.0,1.0,1.0,1.0,0.0,24.0,0
3.743507293794769,26.0,0.0,1.0,1.0,1.0,70.0,0
4.520785181844042,14.0,0.0,1.0,1.0,1.0,43.0,0
3.2592270393326017,25.0,1.0,0.0,0.0,1.0,31.0,1
4.413850771772208,21.0,1.0,1.0,1.0,0.0,55.0,1
2.52493399321933,38.0,0.0,1.0,1.0,0.0,74.0,1
4.7325336338084565,26.0,1.0,1.0,1.0,1.0,151.0,0
3.5604431330640085,39.0,0.0,0.0,1.0,0.0,85.0,1
4.668736704693076,21.0,0.0,0.0,0.0,0.0,155.0,0
2.0400871068698043,29.0,1.0,0.0,0.0,0.0,154.0,0
3.97169405004681,14.0,0.0,0.0,1.0,0.0,17.0,1
3.1102387362621498,16.0,1.0,0.0,1.0,1.0,158.0,1
2.455985148200397,20.0,1.0,0.0,1.0,1.0,47.0,0
3.45396425691897,7.0,0.0,0.0,0.0,1.0,98.0,1
4.187820245618905,36.0,0.0,1.0,0.0,0.0,58.0,1
3.9065614231294403,39.0,0.0,0.0,1.0,0.0,72.0,0
1.4662116411250623,19.0,1.0,1.0,1.0,1.0,78.0,1
3.237386258034226,12.0,1.0,0.0,1.0,0.0,71.0,1
4.197457204599893,37.0,0.0,1.0,1.0,0.0,105.0,1
3.3539375194717334,19.0,1.0,1.0,1.0,1.0,53.0,0
3.5885755219939997,7.0,1.0,0.0,1.0,1.0,50.0,1
2.7609450199984233,26.0,1.0,1.0,0.0,0.0,16.0,0
3.841048450539906,15.0,0.0,0.0,0.0,1.0,98.0,0
3.490835310780982,14.0,1.0,0.0,1.0,1.0,46.0,0
1.662922219550127,16.0,1.0,0.0,1.0,1.0,134.0,0
3.7574612354687265,30.0,1.0,1.0,1.0,1.0,114.0,0
4.861186486834756,5.0,1.0,0.0,0.0,1.0,46.0,1
3.90177590676259,34.0,1.0,0.0,1.0,1.0,20.0,0
4.369406688997986,22.0,1.0,1.0,0.0,1.0,95.0,1
4.4305113081226,11.0,0.0,0.0,1.0,1.0,44.0,0
2.4409732996860987,10.0,0.0,1.0,0.0,0.0,72.0,0
2.9487065676600293,26.0,0.0,1.0,1.0,1.0,83.0,1
3.5388425265394883,1.0,0.0,1.0,0.0,1.0,19.0,0
1.158825287498396,24.0,0.0,0.0,1.0,1.0,124.0,0
2.4314987402892525,33.0,0.0,0.0,0.0,1.0,79.0,1
3.5594698935025777,13.0,0.0,1.0,1.0,1.0,41.0,1
2.145177320764012,34.0,0.0,0.0,0.0,0.0,78.0,0
3.953860078675231,35.0,0.0,0.0,0.0,1.0,61.0,1
4.7672219811682774,20.0,1.0,1.0,0.0,1.0,37.0,1
3.1302993104959578,6.0,1.0,1.0,0.0,1.0,48.0,0
4.05080414233032,20.0,1.0,1.0,0.0,1.0,12.0,1
4.642354923491467,8.0,0.0,1.0,1.0,0.0,154.0,0
3.871409870552846,38.0,0.0,1.0,1.0,0.0,65.0,0
2.3022112996064745,6.0,1.0,1.0,0.0,0.0,56.0,0
3.169116232277541,35.0,1.0,1.0,0.0,1.0,82.0,0
2.699217564332299,9.0,1.0,0.0,0.0,1.0,149.0,1
2.758116815361351,30.0,0.0,0.0,0.0,0.0,39.0,0
2.837699001220774,29.0,1.0,0.0,1.0,1.0,91.0,1
4.023224229535766,15.0,0.0,1.0,1.0,0.0,122.0,1
4.168299875295867,12.0,0.0,1.0,0.0,1.0,64.0,0
3.4117260649348626,39.0,0.0,1.0,0.0,1.0,131.0,0
3.5557770535468913,28.0,1.0,1.0,1.0,0.0,23.0,1
2.4512942982963333,7.0,1.0,0.0,1.0,0.0,54.0,0
2.741352794430031,33.0,1.0,0.0,0.0,0.0,154.0,0
2.2667573402460643,2.0,0.0,0.0,0.0,1.0,36.0,1
4.674688443654362,21.0,1.0,1.0,0.0,1.0,66.0,1
3.957354939845669,25.0,0.0,1.0,1.0,1.0,47.0,1
2.5864165653664823,7.0,0.0,0.0,0.0,0.0,99.0,1
4.163784631991485,12.0,0.0,1.0,1.0,0.0,159.0,1
2.89906017457185,11.0,0.0,0.0,1.0,0.0,85.0,0
3.388912401812334,33.0,0.0,0.0,0.0,1.0,77.0,0
2.0037730316874107,28.0,0.0,0.0,0.0,1.0,71.0,1
3.513445202583799,19.0,0.0,0.0,1.0,0.0,20.0,0
3.470682124613076,30.0,1.0,0.0,0.0,0.0,155.0,1
3.216016781367735,17.0,0.0,0.0,0.0,1.0,124.0,1
4.318813443406981,27.0,1.0,0.0,1.0,0.0,82.0,0
4.186589407036424,25.0,0.0,1.0,1.0,0.0,124.0,0
4.320092515926348,32.0,0.0,1.0,0.0,1.0,60.0,0
3.954568562660998,18.0,0.0,1.0,1.0,1.0,109.0,0
4.798994466894036,30.0,0.0,1.0,0.0,1.0,11.0,1
3.3965934655826873,1.0,1.0,1.0,1.0,0.0,41.0,0
2.943192498079112,23.0,0.0,0.0,0.0,0.0,118.0,1
3.8028274147885313,30.0,1.0,0.0,0.0,0.0,36.0,1
3.0959608571844734,32.0,0.0,0.0,1.0,1.0,136.0,0
1.9516066951658764,6.0,1.0,0.0,1.0,0.0,111.0,0
3.492283295909056,22.0,1.0,0.0,0.0,0.0,121.0,1
3.466524434165423,36.0,0.0,0.0,1.0,0.0,78.0,1
3.9099894261747896,12.0,1.0,1.0,0.0,0.0,64.0,1
2.3534098468580655,26.0,0.0,1.0,0.0,0.0,50.0,1
4.2111146944636495,19.0,1.0,0.0,1.0,0.0,65.0,1
4.014898069604298,14.0,1.0,0.0,1.0,0.0,123.0,1
2.514673401960745,26.0,1.0,0.0,1.0,1.0,147.0,0
3.3688750366721716,5.0,0.0,1.0,0.0,0.0,27.0,0
3.86695227421321,6.0,1.0,1.0,0.0,1.0,66.0,0
3.0806098609438557,33.0,0.0,0.0,1.0,1.0,37.0,0
2.6918050813031047,23.0,1.0,0.0,0.0,1.0,87.0,0
3.3694089982920317,35.0,0.0,1.0,1.0,1.0,75.0,0
2.4183427570884395,35.0,1.0,1.0,1.0,0.0,136.0,0
4.107402429221685,29.0,1.0,0.0,1.0,1.0,127.0,0
2.9859261418149763,5.0,1.0,1.0,0.0,1.0,61.0,0
3.0697264192129587,28.0,1.0,0.0,1.0,0.0,55.0,0
3.6990578636714537,29.0,0.0,1.0,1.0,1.0,23.0,1
3.657465142206309,27.0,0.0,0.0,0.0,1.0,72.0,0
3.1458767829024126,21.0,1.0,0.0,0.0,0.0,29.0,0
3.4880123634903426,27.0,0.0,0.0,0.0,0.0,40.0,1
3.785275867096098,4.0,1.0,0.0,1.0,1.0,71.0,0
4.1374996867261915,37.0,0.0,1.0,0.0,1.0,25.0,0
2.368325738587634,15.0,1.0,0.0,0.0,1.0,33.0,0
3.0485796448463143,3.0,1.0,1.0,0.0,1.0,144.0,0
2.5218605583714213,9.0,0.0,0.0,0.0,0.0,80.0,0
1.9609839718939912,29.0,1.0,1.0,1.0,1.0,127.0,0
1.9433250161990339,26.0,0.0,0.0,1.0,1.0,65.0,0
3.627307758463695,36.0,1.0,0.0,0.0,0.0,136.0,1
3.4236657107111914,36.0,0.0,0.0,1.0,1.0,154.0,0
2.620551353470606,34.0,0.0,0.0,0.0,1.0,41.0,0
2.949429766869046,33.0,1.0,0.0,0.0,1.0,143.0,0
2.940142488529912,26.0,1.0,1.0,1.0,1.0,11.0,0
4.679330808382755,9.0,1.0,1.0,0.0,1.0,106.0,1
2.686887178555108,22.0,0.0,0.0,1.0,1.0,121.0,0
2.97278489208026,15.0,1.0,1.0,1.0,1.0,118.0,0
2.6791581798177244,22.0,1.0,0.0,1.0,0.0,154.0,0
3.2548890215321884,2.0,1.0,0.0,0.0,1.0,108.0,0
2.0932436416504596,20.0,1.0,0.0,0.0,1.0,146.0,0
3.6763771006900394,17.0,1.0,0.0,1.0,0.0,119.0,1
3.5109879509470043,26.0,1.0,1.0,0.0,1.0,16.0,1
2.9267299826069477,34.0,0.0,0.0,1.0,0.0,65.0,0
2.801571960975023,36.0,1.0,1.0,0.0,1.0,66.0,1
4.557742981575064,26.0,1.0,1.0,1.0,0.0,16.0,1
2.0264757103721704,29.0,1.0,1.0,1.0,0.0,130.0,1
3.316663171632643,36.0,0.0,1.0,1.0,1.0,80.0,1
3.805326668506332,32.0,1.0,0.0,0.0,0.0,13.0,1
4.256369067475259,39.0,0.0,0.0,1.0,0.0,156.0,1
3.8549522258963087,6.0,0.0,0.0,1.0,0.0,73.0,1
3.987764120838489,37.0,1.0,1.0,1.0,0.0,28.0,0
2.851936293597123,31.0,0.0,1.0,0.0,1.0,129.0,1
3.497928270550331,21.0,0.0,0.0,0.0,0.0,100.0,0
2.954981689194056,20.0,1.0,1.0,0.0,0.0,38.0,1
3.801778039253484,36.0,1.0,1.0,1.0,1.0,115.0,1
3.6935394431361837,20.0,1.0,0.0,0.0,1.0,119.0,0
4.121282937507542,29.0,1.0,1.0,0.0,1.0,39.0,0
1.7618144935122175,39.0,1.0,1.0,0.0,0.0,18.0,0
3.4015783191074154,29.0,0.0,0.0,1.0,1.0,70.0,0
4.164367641910716,34.0,1.0,1.0,1.0,1.0,25.0,0
3.4366622049486533,16.0,0.0,0.0,1.0,0.0,46.0,0
3.740062888906187,24.0,0.0,0.0,1.0,1.0,12.0,0
3.036014092132603,26.0,1.0,1.0,1.0,1.0,155.0,0
2.551350676183325,18.0,1.0,0.0,1.0,0.0,158.0,1
4.304429703167312,17.0,1.0,0.0,1.0,0.0,128.0,1
3.9187726555230338,33.0,0.0,0.0,1.0,1.0,30.0,0
3.2299275994128176,39.0,0.0,0.0,0.0,1.0,134.0,0
2.131818550888736,24.0,1.0,0.0,1.0,0.0,80.0,0
5.0,37.0,1.0,0.0,0.0,0.0,20.0,0
2.798177872171775,10.0,0.0,0.0,1.0,1.0,78.0,0
2.986998582924781,1.0,0.0,0.0,1.0,0.0,99.0,0
2.7863067204309537,6.0,0.0,1.0,1.0,1.0,60.0,0
2.7582630892678237,14.0,0.0,1.0,1.0,0.0,16.0,0
4.87640512487507,30.0,1.0,1.0,0.0,0.0,17.0,1
2.1018818827754613,13.0,1.0,1.0,0.0,1.0,12.0,0
3.3921957154110007,27.0,1.0,1.0,0.0,0.0,57.0,1
2.2976706996484344,36.0,0.0,1.0,1.0,0.0,129.0,0
3.733569949429513,35.0,0.0,1.0,1.0,1.0,64.0,0
3.4689243392868923,21.0,0.0,0.0,0.0,1.0,30.0,1
3.5258578712711954,12.0,1.0,0.0,1.0,1.0,77.0,1
3.7715277429615703,23.0,0.0,1.0,1.0,1.0,84.0,1
3.6713893634152672,9.0,1.0,1.0,0.0,0.0,41.0,1
3.367145475533237,29.0,1.0,0.0,1.0,0.0,34.0,0
3.05107647560004,38.0,0.0,0.0,1.0,1.0,34.0,0
3.4308295453446522,23.0,1.0,0.0,1.0,0.0,67.0,1
2.505551179383316,6.0,1.0,1.0,0.0,1.0,20.0,0
3.025705775020029,37.0,1.0,1.0,1.0,1.0,124.0,0
4.243335136785115,23.0,0.0,0.0,0.0,0.0,83.0,1
3.6316647250822323,15.0,1.0,1.0,0.0,1.0,87.0,0
1.7499951480927423,33.0,0.0,0.0,0.0,1.0,99.0,0
3.2600053097222466,39.0,1.0,0.0,0.0,0.0,26.0,1
2.929246473084328,38.0,0.0,0.0,1.0,1.0,139.0,0
1.6802095133948236,6.0,1.0,1.0,1.0,1.0,45.0,0
3.573103926893159,3.0,0.0,0.0,0.0,1.0,52.0,0
3.4591118653192994,8.0,0.0,1.0,1.0,0.0,112.0,1
2.8280445722153633,21.0,0.0,1.0,1.0,1.0,141.0,1
3.32851768325058,23.0,0.0,0.0,0.0,1.0,65.0,0
4.026042207660877,13.0,1.0,0.0,0.0,0.0,48.0,1
3.5135344241011355,29.0,0.0,0.0,0.0,1.0,141.0,0
2.0342011646389695,30.0,1.0,1.0,0.0,1.0,24.0,0
3.4967561202024604,21.0,0.0,0.0,0.0,0.0,134.0,1
3.4081954533894785,20.0,0.0,1.0,1.0,0.0,120.0,0
3.8323694642872352,36.0,1.0,1.0,1.0,1.0,67.0,1
4.329459009673614,16.0,0.0,0.0,1.0,0.0,11.0,0
3.7550920798067366,27.0,0.0,0.0,0.0,0.0,151.0,0
4.494934924051043,20.0,0.0,1.0,0.0,1.0,146.0,0
1.9619111404968774,8.0,1.0,1.0,1.0,1.0,99.0,1
5.0,25.0,0.0,1.0,1.0,1.0,124.0,0
2.5417956839072233,3.0,1.0,1.0,0.0,0.0,81.0,1
3.9675343977512787,18.0,0.0,0.0,1.0,0.0,80.0,1
1.6780278327450082,17.0,1.0,0.0,1.0,0.0,90.0,0
4.834107021074467,8.0,1.0,1.0,0.0,0.0,49.0,1
2.2791589296969907,34.0,0.0,1.0,0.0,1.0,130.0,1
1.527106220735266,13.0,0.0,0.0,1.0,1.0,107.0,0
1.8468007591114115,9.0,1.0,1.0,0.0,1.0,44.0,1
2.3596209456797634,32.0,0.0,1.0,1.0,1.0,79.0,1
3.776449417655746,21.0,0.0,0.0,1.0,0.0,24.0,1
2.8876502035435596,28.0,1.0,0.0,1.0,1.0,86.0,1
3.7177213416218247,10.0,0.0,1.0,0.0,1.0,134.0,1
2.2098378134851417,26.0,0.0,1.0,0.0,0.0,92.0,0
5.0,35.0,0.0,0.0,1.0,1.0,134.0,1
3.9538959183973996,1.0,1.0,1.0,0.0,0.0,23.0,1
3.7056650800648954,38.0,0.0,0.0,1.0,1.0,25.0,0
3.4971230571863576,35.0,0.0,0.0,0.0,1.0,79.0,0
2.6966641429420077,12.0,1.0,0.0,0.0,1.0,37.0,0
2.799044801317166,9.0,0.0,0.0,1.0,0.0,120.0,1
2.758929892696211,18.0,0.0,1.0,0.0,1.0,101.0,0
3.421551372135292,32.0,0.0,1.0,1.0,1.0,96.0,0
4.180160539517583,13.0,1.0,0.0,0.0,1.0,79.0,1
2.0655938617423417,34.0,1.0,1.0,1.0,0.0,113.0,0
2.944638964868692,24.0,0.0,0.0,0.0,0.0,24.0,1
3.4104785132499194,26.0,1.0,0.0,0.0,0.0,53.0,0
2.029139232791426,18.0,1.0,0.0,1.0,0.0,30.0,0
3.9290622924989327,17.0,1.0,1.0,1.0,1.0,75.0,0
2.8380996961572724,30.0,1.0,0.0,1.0,0.0,103.0,1
1.7684478493077693,30.0,1.0,1.0,1.0,1.0,113.0,1
4.102582339691299,31.0,0.0,1.0,1.0,0.0,66.0,1
3.6236538536413736,37.0,1.0,0.0,0.0,0.0,88.0,0
5.0,31.0,0.0,1.0,0.0,1.0,91.0,1
3.345424795235675,15.0,0.0,1.0,0.0,1.0,70.0,0
4.198550185692108,3.0,0.0,0.0,0.0,1.0,27.0,0
3.8282543492098875,33.0,0.0,0.0,0.0,0.0,60.0,1
2.137205792386573,14.0,1.0,1.0,1.0,1.0,22.0,0
3.3825099895284874,34.0,1.0,0.0,0.0,0.0,68.0,0
3.0529530005476397,25.0,0.0,0.0,1.0,1.0,41.0,0
2.9390262142998007,24.0,1.0,0.0,1.0,1.0,93.0,0
2.505483582117506,23.0,0.0,1.0,1.0,1.0,61.0,1
2.170907245138933,27.0,1.0,0.0,1.0,1.0,41.0,1
3.0361343067040623,14.0,1.0,0.0,1.0,1.0,131.0,0
1.9804060538906163,5.0,1.0,1.0,1.0,1.0,43.0,0
3.0833498029112953,2.0,1.0,0.0,0.0,0.0,94.0,0
3.133696649253177,39.0,1.0,1.0,1.0,0.0,70.0,0
3.2791374429340494,39.0,0.0,0.0,0.0,1.0,98.0,1
2.333189445573841,34.0,0.0,1.0,1.0,0.0,145.0,1
2.4825601576400835,29.0,1.0,1.0,0.0,1.0,88.0,0
2.2156773041786497,3.0,1.0,1.0,0.0,0.0,141.0,0
2.1219837703226236,19.0,0.0,1.0,0.0,1.0,101.0,1
4.2688151093792905,21.0,1.0,0.0,0.0,0.0,88.0,1
2.7370371507427125,27.0,1.0,0.0,1.0,1.0,57.0,1
1.9679817611107668,20.0,1.0,0.0,1.0,0.0,23.0,0
3.748925130005673,38.0,0.0,0.0,1.0,0.0,133.0,0
3.480147700006917,39.0,0.0,0.0,1.0,1.0,60.0,0
1.8766741106800808,12.0,0.0,1.0,1.0,1.0,40.0,0
3.9395993795895072,13.0,1.0,0.0,0.0,1.0,66.0,1
3.713117779128302,19.0,1.0,1.0,0.0,0.0,43.0,1
4.395599062427303,8.0,1.0,1.0,0.0,1.0,44.0,1
2.143635594084165,37.0,0.0,0.0,0.0,0.0,47.0,0
4.152813313290702,16.0,0.0,0.0,1.0,0.0,99.0,1
3.463172623071065,17.0,0.0,1.0,0.0,0.0,100.0,1
3.8216302259032298,2.0,1.0,1.0,1.0,0.0,153.0,0
2.465695967781845,11.0,1.0,0.0,1.0,1.0,128.0,1
3.4751055213550766,2.0,0.0,1.0,0.0,0.0,56.0,0
4.79652385192613,32.0,0.0,1.0,1.0,1.0,32.0,0
2.7141388839650813,16.0,1.0,0.0,1.0,1.0,72.0,0
2.9931623987275984,35.0,0.0,0.0,1.0,1.0,101.0,1
2.64085948938861,2.0,1.0,0.0,0.0,0.0,130.0,1
2.8407791014753596,34.0,0.0,0.0,0.0,1.0,40.0,1
3.6054230920390182,32.0,0.0,1.0,1.0,0.0,53.0,1
2.7880858324987705,14.0,0.0,1.0,0.0,1.0,106.0,0
1.8108372276062907,15.0,1.0,1.0,0.0,0.0,49.0,0
2.524701736859384,31.0,0.0,1.0,0.0,1.0,22.0,0
2.547263556757214,35.0,0.0,0.0,0.0,0.0,84.0,1
3.276549295185211,32.0,0.0,0.0,1.0,1.0,58.0,0
5.0,14.0,0.0,0.0,0.0,0.0,142.0,1
3.4923857047485067,7.0,0.0,1.0,1.0,1.0,44.0,1
2.7647842154089473,3.0,1.0,0.0,1.0,1.0,142.0,0
2.423735219905498,1.0,1.0,1.0,1.0,0.0,76.0,0
4.570519523107911,19.0,1.0,0.0,0.0,1.0,101.0,1
2.9244622159498914,32.0,1.0,0.0,1.0,0.0,26.0,1
4.0453823047941935,36.0,0.0,0.0,0.0,0.0,139.0,1
4.216167339041071,9.0,0.0,0.0,1.0,0.0,47.0,0
2.3258971969070226,17.0,1.0,1.0,0.0,0.0,27.0,0
2.871124851185555,34.0,1.0,0.0,1.0,1.0,90.0,0
2.3261052508816062,20.0,1.0,0.0,0.0,1.0,109.0,0
3.159386838072885,12.0,0.0,0.0,0.0,0.0,107.0,0
4.492691243491136,29.0,1.0,0.0,0.0,1.0,112.0,1
1.7166284403135994,21.0,0.0,1.0,1.0,1.0,20.0,0
4.276235952793123,11.0,1.0,0.0,0.0,1.0,64.0,1
3.4394512755506113,20.0,0.0,1.0,0.0,1.0,136.0,0
2.40137337069453,31.0,1.0,1.0,0.0,0.0,94.0,0
2.36718093717265,38.0,1.0,0.0,0.0,0.0,121.0,1
3.007037664101742,36.0,0.0,1.0,0.0,1.0,133.0,0
3.0775588852384894,10.0,0.0,0.0,0.0,1.0,85.0,0
3.760906740323876,15.0,1.0,0.0,0.0,0.0,81.0,0
3.662298454504357,30.0,1.0,1.0,0.0,1.0,155.0,1
3.5885718486276104,19.0,0.0,0.0,1.0,0.0,80.0,1
3.530268834343432,5.0,0.0,0.0,1.0,0.0,106.0,1
3.883216290833747,22.0,1.0,1.0,1.0,0.0,125.0,1
1.8796269973863708,11.0,0.0,0.0,1.0,1.0,83.0,0
2.7795062232786596,28.0,1.0,0.0,1.0,0.0,159.0,0
3.7501129166749316,2.0,1.0,0.0,1.0,1.0,148.0,0
3.0960359853421044,2.0,1.0,1.0,0.0,1.0,152.0,0
3.7205300153451204,28.0,1.0,1.0,1.0,0.0,12.0,0
3.1986041113769095,23.0,0.0,0.0,0.0,0.0,80.0,0
2.869105271208631,35.0,0.0,0.0,0.0,1.0,50.0,0
1.6003012458631007,8.0,1.0,1.0,0.0,1.0,74.0,1
4.610539961364811,8.0,0.0,0.0,1.0,1.0,131.0,0
3.7399001723085643,18.0,0.0,1.0,0.0,1.0,57.0,0
3.297090439443911,8.0,1.0,0.0,0.0,1.0,59.0,0
3.646495394185659,34.0,1.0,0.0,1.0,1.0,66.0,1
2.2831621628811734,34.0,1.0,1.0,1.0,1.0,117.0,1
3.039068728104702,38.0,1.0,1.0,0.0,1.0,39.0,0
1.797939876753241,3.0,1.0,0.0,1.0,1.0,148.0,0
3.664060814651799,19.0,0.0,1.0,1.0,0.0,107.0,0
2.0814685156850588,1.0,1.0,1.0,0.0,0.0,147.0,1
2.1337794237163497,26.0,0.0,1.0,1.0,0.0,59.0,0
3.7168026700012105,16.0,0.0,0.0,0.0,1.0,33.0,1
3.542682492800696,39.0,1.0,0.0,0.0,1.0,13.0,1
2.656437264320486,9.0,0.0,0.0,0.0,0.0,84.0,0
3.456582230142664,2.0,0.0,1.0,1.0,0.0,11.0,1
4.572079681740341,20.0,0.0,0.0,0.0,0.0,148.0,1
3.368183732452802,5.0,0.0,0.0,0.0,0.0,84.0,1
3.444860781996926,13.0,1.0,1.0,0.0,1.0,52.0,1
4.359232649739056,3.0,0.0,0.0,0.0,1.0,108.0,1
2.8412451099629528,30.0,0.0,0.0,0.0,1.0,60.0,0
3.0771551245267874,29.0,1.0,1.0,0.0,1.0,156.0,1
3.022917478936038,26.0,0.0,0.0,0.0,1.0,73.0,0
3.710802206165325,20.0,1.0,0.0,1.0,1.0,121.0,1
2.0316072981411617,17.0,1.0,1.0,0.0,1.0,108.0,1
2.0872818854544763,29.0,0.0,1.0,1.0,1.0,118.0,0
4.10093188992164,26.0,1.0,0.0,1.0,0.0,37.0,1
3.4730407542602566,24.0,0.0,0.0,1.0,0.0,25.0,0
4.08074959063651,4.0,1.0,0.0,1.0,1.0,62.0,1
2.8709282484828287,17.0,1.0,1.0,0.0,0.0,56.0,1
2.315956071239481,16.0,1.0,0.0,1.0,0.0,18.0,0
5.0,34.0,1.0,0.0,0.0,1.0,47.0,0
3.677381888759806,7.0,0.0,1.0,1.0,1.0,70.0,0
1.7318060897028387,13.0,1.0,0.0,1.0,0.0,159.0,0
3.382354538963375,6.0,0.0,1.0,0.0,0.0,110.0,0
2.8910960627913065,37.0,1.0,1.0,1.0,1.0,80.0,1
2.4107335677931316,8.0,0.0,1.0,0.0,1.0,117.0,1
3.8837134799428896,39.0,0.0,0.0,1.0,1.0,21.0,1
3.4174786234729893,11.0,1.0,1.0,1.0,0.0,39.0,0
3.8732038539800255,14.0,1.0,1.0,0.0,1.0,59.0,0
2.5734272323978735,34.0,0.0,0.0,1.0,1.0,53.0,0
3.1984101823441127,16.0,0.0,0.0,0.0,1.0,97.0,0
3.8971758366366007,9.0,0.0,0.0,0.0,1.0,42.0,1
3.5181180212050633,37.0,1.0,0.0,0.0,1.0,25.0,0
3.2223495383097163,36.0,1.0,0.0,0.0,0.0,29.0,1
3.189977246443787,20.0,1.0,1.0,1.0,0.0,115.0,0
3.5348547649065254,14.0,0.0,0.0,0.0,1.0,58.0,0
2.488777367814734,5.0,0.0,1.0,0.0,0.0,48.0,0
3.5597526598038196,11.0,1.0,1.0,0.0,1.0,120.0,0
2.726153306170994,22.0,0.0,0.0,1.0,0.0,140.0,1
3.257507948237049,10.0,1.0,1.0,1.0,0.0,90.0,1
4.59328358378378,3.0,0.0,0.0,0.0,1.0,152.0,0
3.5512664465752537,30.0,0.0,0.0,0.0,0.0,53.0,0
3.7071127452428687,2.0,0.0,0.0,0.0,1.0,155.0,0
3.4476692580568717,4.0,1.0,0.0,0.0,1.0,121.0,1
3.251334252571032,21.0,1.0,0.0,1.0,0.0,14.0,1
3.5098084054983114,10.0,1.0,1.0,0.0,0.0,117.0,1
3.488403497715967,11.0,0.0,0.0,1.0,0.0,84.0,0
4.807717032280907,10.0,0.0,0.0,0.0,1.0,20.0,0
4.00321377942394,31.0,1.0,1.0,1.0,1.0,108.0,0
3.840158076646599,9.0,1.0,1.0,1.0,0.0,56.0,1
2.841966111007408,31.0,0.0,1.0,0.0,0.0,117.0,1
4.077670915818947,7.0,1.0,1.0,1.0,1.0,96.0,1
4.530703907941653,39.0,1.0,1.0,1.0,0.0,159.0,1
3.6605899862262015,4.0,1.0,1.0,0.0,0.0,17.0,1
4.6130499897536446,15.0,0.0,1.0,0.0,0.0,149.0,0
4.145349919390963,27.0,1.0,0.0,1.0,1.0,21.0,0
3.890447825639141,31.0,0.0,1.0,0.0,1.0,159.0,0
3.641447915040785,33.0,0.0,0.0,1.0,0.0,67.0,0
3.4027332116546187,5.0,1.0,0.0,1.0,1.0,118.0,1
3.641201152689467,31.0,0.0,0.0,1.0,0.0,85.0,1
4.439059289884574,20.0,1.0,0.0,0.0,1.0,61.0,1
3.62596871797942,34.0,0.0,0.0,1.0,0.0,157.0,0
3.6181205610137908,8.0,0.0,1.0,0.0,0.0,44.0,1
2.714179975594692,31.0,0.0,1.0,1.0,1.0,66.0,0
4.028908753492502,9.0,1.0,0.0,1.0,1.0,27.0,0
3.7099801988690473,23.0,0.0,0.0,1.0,1.0,70.0,0
4.886517537947816,2.0,0.0,1.0,0.0,1.0,58.0,1
3.590623938800735,20.0,0.0,1.0,1.0,1.0,14.0,0
3.0778856445108302,29.0,0.0,1.0,0.0,1.0,55.0,0
1.0673374107093734,18.0,0.0,1.0,1.0,1.0,54.0,0
3.8527049104769038,13.0,1.0,1.0,1.0,0.0,106.0,1
2.7114694615509904,1.0,1.0,0.0,1.0,0.0,33.0,0
2.8652987340617715,1.0,1.0,1.0,0.0,0.0,155.0,1
2.774139999964341,11.0,1.0,1.0,1.0,1.0,77.0,0
3.4138419345011797,10.0,1.0,1.0,0.0,0.0,36.0,0
3.475454060457942,34.0,1.0,0.0,1.0,1.0,154.0,1
3.506494484872725,38.0,1.0,1.0,0.0,1.0,107.0,0
3.4214713218302375,26.0,0.0,0.0,1.0,1.0,47.0,0
3.1358500531959774,34.0,1.0,1.0,0.0,0.0,21.0,1
3.694411638165579,36.0,0.0,0.0,0.0,0.0,69.0,0
5.0,29.0,1.0,0.0,1.0,0.0,137.0,0
3.456941921912455,24.0,1.0,0.0,0.0,0.0,57.0,0
4.00018398426185,23.0,0.0,0.0,0.0,0.0,55.0,1
2.7846427487096674,25.0,0.0,1.0,1.0,0.0,36.0,0
3.278733429246486,32.0,0.0,1.0,0.0,0.0,158.0,0
2.741959856426652,22.0,1.0,1.0,0.0,0.0,116.0,1
5.0,38.0,1.0,0.0,1.0,1.0,150.0,1
3.5807950952663905,39.0,0.0,1.0,0.0,0.0,52.0,0
3.845537373577645,13.0,0.0,1.0,0.0,0.0,61.0,0
3.2913644096449755,31.0,1.0,1.0,1.0,0.0,12.0,1
3.6203737978240036,33.0,1.0,1.0,0.0,0.0,47.0,0
3.177201123231558,17.0,1.0,1.0,0.0,1.0,66.0,1
2.8557508547009265,34.0,0.0,0.0,1.0,1.0,136.0,0
3.467956589816747,10.0,0.0,1.0,1.0,0.0,91.0,0
3.579816969926989,20.0,1.0,1.0,0.0,0.0,144.0,0
2.725523257075409,33.0,1.0,0.0,1.0,1.0,136.0,0
3.1603139257045423,12.0,1.0,0.0,1.0,0.0,51.0,0
3.5897522592397415,4.0,1.0,0.0,0.0,0.0,90.0,1
4.533969448202165,27.0,0.0,1.0,0.0,0.0,104.0,1
3.8247123544565476,2.0,0.0,1.0,1.0,0.0,97.0,1
2.7935859520147215,14.0,0.0,1.0,0.0,0.0,153.0,1
3.244838728403424,21.0,1.0,1.0,1.0,0.0,61.0,0
2.566483063554963,5.0,1.0,0.0,0.0,0.0,59.0,0
2.0917363502476984,38.0,0.0,1.0,1.0,1.0,148.0,0
4.24546534232334,1.0,0.0,0.0,1.0,0.0,98.0,0
3.6578856582686394,21.0,0.0,0.0,1.0,0.0,116.0,0
1.5480080889250845,2.0,1.0,0.0,0.0,1.0,71.0,0
3.6977551340145447,18.0,0.0,0.0,1.0,0.0,19.0,1
3.3458513308376174,2.0,0.0,0.0,1.0,1.0,55.0,0
4.191275313173247,15.0,1.0,0.0,1.0,0.0,26.0,0
2.107354419690457,4.0,0.0,0.0,0.0,0.0,43.0,0
2.463609427650384,32.0,1.0,1.0,1.0,0.0,124.0,1
3.4016321174676785,28.0,1.0,1.0,0.0,0.0,65.0,0
4.287945646872878,22.0,1.0,1.0,0.0,0.0,58.0,1
3.839405738523795,17.0,1.0,0.0,0.0,0.0,13.0,0
3.6061680230709143,15.0,0.0,1.0,0.0,0.0,95.0,0
3.9423542536462053,13.0,0.0,1.0,0.0,1.0,62.0,1
5.0,24.0,1.0,0.0,0.0,1.0,11.0,1
2.9909328468609377,24.0,0.0,0.0,1.0,0.0,87.0,1
3.869434223420204,7.0,0.0,1.0,0.0,0.0,83.0,0
3.9153322146188536,14.0,1.0,0.0,1.0,1.0,87.0,1
3.0259494073979027,37.0,1.0,0.0,0.0,0.0,59.0,0
2.320600392618993,22.0,1.0,1.0,1.0,0.0,18.0,0
4.0148535184383665,13.0,0.0,1.0,0.0,0.0,22.0,1
3.189096689123229,12.0,1.0,1.0,1.0,0.0,131.0,0
3.234485654336115,9.0,0.0,1.0,1.0,1.0,52.0,0
5.0,16.0,0.0,0.0,1.0,1.0,43.0,1
4.84055992911302,15.0,0.0,1.0,0.0,1.0,68.0,1
4.125284048661298,12.0,0.0,1.0,1.0,0.0,53.0,0
3.9016791639407273,39.0,1.0,0.0,1.0,1.0,85.0,1
3.9801519955474207,39.0,0.0,0.0,1.0,0.0,112.0,1
3.6891751006276188,22.0,0.0,1.0,0.0,1.0,102.0,0
3.488796427440306,39.0,1.0,1.0,1.0,1.0,60.0,0
3.899776068795309,14.0,1.0,1.0,0.0,1.0,58.0,0
2.758573322732092,4.0,0.0,0.0,0.0,0.0,61.0,0
3.557942047022796,39.0,1.0,1.0,1.0,0.0,55.0,1
3.802494116425811,11.0,1.0,0.0,1.0,1.0,118.0,1
4.339403989496962,35.0,1.0,0.0,1.0,0.0,17.0,0
3.476892122395387,7.0,1.0,1.0,0.0,1.0,41.0,0
3.236170803973414,16.0,0.0,1.0,1.0,1.0,59.0,1
4.420218523566527,38.0,1.0,1.0,1.0,1.0,45.0,1
2.857813427637913,8.0,1.0,1.0,1.0,1.0,21.0,0
2.8712464664773627,38.0,1.0,1.0,1.0,0.0,13.0,0
4.017292979541962,34.0,0.0,0.0,0.0,0.0,38.0,0
3.282548540684043,15.0,0.0,1.0,1.0,0.0,26.0,1
2.0946586043140694,22.0,1.0,0.0,0.0,1.0,54.0,1
3.851724359700334,39.0,0.0,0.0,0.0,0.0,112.0,0
3.5891570353456514,22.0,0.0,0.0,1.0,0.0,43.0,0
3.263262147211654,19.0,0.0,0.0,1.0,1.0,142.0,0
4.682033170085731,28.0,0.0,1.0,0.0,1.0,139.0,0
3.8837528951307196,1.0,1.0,0.0,0.0,0.0,41.0,0
1.9825991482886804,4.0,1.0,1.0,0.0,0.0,151.0,0
3.299832192166217,27.0,1.0,0.0,0.0,1.0,86.0,0
2.5889216564384157,9.0,1.0,0.0,0.0,1.0,100.0,1
3.3455624058657643,14.0,1.0,1.0,0.0,1.0,140.0,0
3.514275077779204,14.0,1.0,0.0,0.0,0.0,154.0,0
4.8584601291343334,33.0,1.0,1.0,0.0,1.0,71.0,0
3.5114204747596154,31.0,1.0,0.0,1.0,1.0,24.0,0
1.71137595704108,1.0,0.0,1.0,1.0,1.0,131.0,0
2.6914869809935875,13.0,1.0,0.0,1.0,1.0,15.0,0
2.0246695349051933,21.0,1.0,1.0,1.0,0.0,108.0,0
4.49476613759386,38.0,1.0,0.0,1.0,0.0,123.0,1
3.4303454327257272,30.0,1.0,1.0,0.0,0.0,128.0,0
4.352553362569894,30.0,1.0,1.0,0.0,0.0,112.0,0
4.372645061191991,5.0,0.0,1.0,1.0,1.0,65.0,0
3.9381146362485833,24.0,1.0,0.0,1.0,0.0,56.0,1
3.24546089641796,11.0,1.0,1.0,0.0,1.0,39.0,1
2.4846521078990706,17.0,0.0,1.0,1.0,0.0,43.0,0
4.3446824135349775,31.0,1.0,1.0,0.0,0.0,47.0,1
1.9329449566618149,26.0,1.0,0.0,1.0,0.0,140.0,0
3.7579245611431724,21.0,0.0,0.0,0.0,0.0,41.0,0
4.019283080013398,36.0,1.0,1.0,1.0,1.0,29.0,0
4.184263323825137,24.0,0.0,1.0,1.0,0.0,25.0,1
